"012","ISLE OF ANGLESEY UA","","","COUNCIL OFFICES","","","LLANGEFNI","","LL77 7TW","19960401","","","RO40","","","","","","","","1","","","","",""
"014","GWYNEDD UA","","","SHIREHALL STREET","","","CAERNARFON","","LL55 1SH","19960401","","","RO40","","","","","","","","1","","","","",""
"016","CONWY UA","","","BODLONDEB","BANGOR ROAD","","CONWY","","LL32 8ZT","19960401","","","RO40","","","","","","","","1","","","","",""
"018","DENBIGHSHIRE UA","","","COUNTY HALL","WYNNSTAY ROAD","","RUTHIN","","LL15 1YN","19960401","","","RO40","","","","","","","","1","","","","",""
"020","FLINTSHIRE UA","","","COUNTY HALL","","","MOLD","","CH7 6NB","19960401","","","RO40","","","","","","","","1","","","","",""
"022","WREXHAM UA","","","THE GUILDHALL","","","WREXHAM","","LL11 1AY","19960401","","","RO40","","","","","","","","1","","","","",""
"024","POWYS UA","","","COUNTY HALL","SPA ROAD EAST","","LLANDRINDOD WELLS","","LD1 5LG","19960401","","","RO40","","","","","","","","1","","","","",""
"026","CEREDIGION UA","","","PENMORFA","","","ABERAERON","","SA46 0PA","19960401","","","RO40","","","","","","","","1","","","","",""
"028","PEMBROKESHIRE UA","","","COUNTY HALL","FREEMENS WAY","","HAVERFORDWEST","","SA61 1TP","19960401","","","RO40","","","","","","","","1","","","","",""
"030","CARMARTHENSHIRE UA","","","COUNTY HALL","","","CARMARTHEN","","SA31 1JP","19960401","","","RO40","","","","","","","","1","","","","",""
"032","SWANSEA UA","","","CIVIC CENTRE","OYSTERMOUTH ROAD","","SWANSEA","","SA1 3SN","19960401","","","RO40","","","","","","","","1","","","","",""
"034","NEATH PORT TALBOT UA","","","CIVIC CENTRE","","","PORT TALBOT","","SA13 1PJ","19960401","","","RO40","","","","","","","","1","","","","",""
"036","BRIDGEND UA","","","CIVIC OFFICES","ANGEL STREET","","BRIDGEND","","CF31 4WB","19960401","","","RO40","","","","","","","","1","","","","",""
"038","VALE OF GLAMORGAN UA","","","CIVIC OFFICES","HOLTON ROAD","","BARRY","","CF63 4RU","19960401","","","RO40","","","","","","","","1","","","","",""
"040","RHONDDA, CYNON, TAFF UA","","","THE PAVILIONS","CAMBRIAN INDUSTRIAL PARK","CLYDACH VALE","TONYPANDY","","CF40 2XX","19960401","","","RO40","","","","","","","","1","","","","",""
"042","MERTHYR TYDFIL UA","","","CIVIC CENTRE","","","MERTHYR TYDFIL","","CF47 8AN","19960401","","","RO40","","","","","","","","1","","","","",""
"044","CAERPHILLY UA","","","PENALLTA HOUSE","TREDOMEN PARK","YSTRAD MYNACH","HENGOED","","CF82 7PG","19960401","","","RO40","","","","","","","","1","","","","",""
"045","BLAENAU GWENT UA","","","MUNICIPAL OFFICES","CIVIC CENTRE","","EBBW VALE","","NP23 6XB","19960401","","","RO40","","","","","","","","1","","","","",""
"046","TORFAEN UA","","","CIVIC CENTRE","","","PONTYPOOL","","NP4 6YB","19960401","","","RO40","","","","","","","","1","","","","",""
"048","MONMOUTHSHIRE UA","","","THE RHADYR","","","USK","","NP15 1GA","19960401","","","RO40","","","","","","","","1","","","","",""
"050","NEWPORT UA","","","CIVIC CENTRE","GODFREY ROAD","","NEWPORT","","NP20 4UR","19960401","","","RO40","","","","","","","","1","","","","",""
"052","CARDIFF UA","","","COUNTY HALL","ATLANTIC WHARF","","CARDIFF","","CF10 4UW","19960401","","","RO40","","","","","","","","1","","","","",""
"102","CUMBRIA COUNTY COUNCIL","Y63","QHM","CUMBRIA HOUSE","117 BOTCHERGATE","","CARLISLE","","CA1 1RD","19800101","20230331","","RO33","","","","","","","","1","","","","",""
"104","NORTHUMBERLAND COUNTY COUNCIL","Y63","QHM","COUNTY HALL","","","MORPETH","","NE61 2EF","19800101","","","RO40","","","","","","","","1","","","","",""
"105","ADUR DISTRICT COUNCIL","Y59","S9B9J","PORTLAND HOUSE","44 RICHMOND ROAD","","WORTHING","","BN11 1HS","20040401","","","RO36","","","","","","","","1","","","","",""
"106","GATESHEAD METROPOLITAN BOROUGH COUNCIL","Y63","QHM","CIVIC CENTRE","REGENT STREET","","GATESHEAD","","NE8 1HH","19800101","","","RO37","","","","","","","","1","","","","",""
"107","NEWCASTLE CITY COUNCIL","Y63","QHM","CIVIC CENTRE","","","NEWCASTLE UPON TYNE","","NE1 8QH","19800101","","","RO37","","","","","","","","1","","","","",""
"108","NORTH TYNESIDE COUNCIL","Y63","QHM","QUANDRANT","THE SILVERLINK NORTH","","NEWCASTLE UPON TYNE","","NE27 0BY","19800101","","","RO37","","","","","","","","1","","","","",""
"109","SOUTH TYNESIDE COUNCIL","Y63","QHM","TOWN HALL","WESTOE ROAD","","SOUTH SHIELDS","","NE33 2RL","19800101","","","RO37","","","","","","","","1","","","","",""
"110","SUNDERLAND CITY COUNCIL","Y63","QHM","CITY HALL","PLATER WAY","","SUNDERLAND","","SR1 3AA","19800101","","","RO37","","","","","","","","1","","","","",""
"111","HARTLEPOOL BOROUGH COUNCIL","Y63","QHM","CIVIC CENTRE","VICTORIA ROAD","","HARTLEPOOL","","TS24 8AY","19960401","","","RO40","","","","","","","","1","","","","",""
"112","MIDDLESBROUGH BOROUGH COUNCIL","Y63","QHM","MIDDLESBROUGH HOUSE","50 CORPORATION ROAD","","MIDDLESBROUGH","","TS1 2RH","19960401","","","RO40","","","","","","","","1","","","","",""
"113","REDCAR AND CLEVELAND BOROUGH COUNCIL","Y63","QHM","REDCAR & CLEVELAND HOUSE","KIRKLEATHAM STREET","","REDCAR","","TS10 1RT","19960401","","","RO40","","","","","","","","1","","","","",""
"114","STOCKTON-ON-TEES BOROUGH COUNCIL","Y63","QHM","MUNICIPAL BUILDINGS","PO BOX 11","CHURCH ROAD","STOCKTON-ON-TEES","","TS18 1LD","19960401","","","RO40","","","","","","","","1","","","","",""
"115","ALLERDALE BOROUGH COUNCIL","Y63","QHM","ALLERDALE HOUSE","NEW BRIDGE ROAD","","WORKINGTON","","CA14 3YJ","20040401","20230331","","RO34","","","","","","","","1","","","","",""
"116","DURHAM COUNTY COUNCIL","Y63","QHM","COUNTY HALL","","","DURHAM","","DH1 5UL","19970401","","","RO40","","","","","","","","1","","","","",""
"117","DARLINGTON BOROUGH COUNCIL","Y63","QHM","TOWN HALL","FEETHAMS","","DARLINGTON","","DL1 5QT","19970401","","","RO40","","","","","","","","1","","","","",""
"118","AMBER VALLEY BOROUGH COUNCIL","Y60","QJ2","TOWN HALL","MARKET PLACE","","RIPLEY","","DE5 3BT","20040401","","","RO34","","","","","","","","1","","","","",""
"119","ARUN DISTRICT COUNCIL","Y59","S9B9J","ARUN CIVIC CENTRE","1 MALTRAVERS ROAD","","LITTLEHAMPTON","","BN17 5LF","20040401","","","RO36","","","","","","","","1","","","","",""
"120","ASHFIELD DISTRICT COUNCIL","Y60","QT1","URBAN ROAD","KIRKBY-IN-ASHFIELD","","NOTTINGHAM","","NG17 8DA","20040401","","","RO36","","","","","","","","1","","","","",""
"121","ASHFORD BOROUGH COUNCIL","Y59","QKS","CIVIC CENTRE","TANNERY LANE","","ASHFORD","","TN23 1PL","20040401","","","RO34","","","","","","","","1","","","","",""
"122","AYLESBURY VALE DISTRICT COUNCIL","Y59","S0E4D","THE GATEWAY","GATEHOUSE ROAD","","AYLESBURY","","HP19 8FF","20040401","20200331","","RO36","","","","","","","","1","","","","",""
"123","BABERGH DISTRICT COUNCIL","Y61","T6Y0W","ENDEAVOUR HOUSE","RUSSELL ROAD","","IPSWICH","","IP1 2BX","20040401","","","RO36","","","","","","","","1","","","","",""
"124","BARROW-IN-FURNESS BOROUGH COUNCIL","Y62","QE1","TOWN HALL","DUKE STREET","","BARROW-IN-FURNESS","","LA14 2LD","20040401","20230331","","RO34","","","","","","","","1","","","","",""
"125","BASILDON BOROUGH COUNCIL","Y61","D7T5G","BASILDON CENTRE","ST MARTINS SQUARE","","BASILDON","","SS14 1DL","20040401","","","RO34","","","","","","","","1","","","","",""
"126","BASINGSTOKE AND DEANE BOROUGH COUNCIL","Y59","QRL","CIVIC OFFICES","LONDON ROAD","","BASINGSTOKE","","RG21 4AH","20040401","","","RO34","","","","","","","","1","","","","",""
"127","BASSETLAW DISTRICT COUNCIL","Y60","QT1","QUEEN'S BUILDINGS","POTTER STREET","","WORKSOP","","S80 2AH","20040401","","","RO36","","","","","","","","1","","","","",""
"128","BLABY DISTRICT COUNCIL","Y60","QK1","COUNCIL OFFICES","DESFORD ROAD","NARBOROUGH","LEICESTER","","LE19 2EP","20040401","","","RO36","","","","","","","","1","","","","",""
"130","BOLSOVER DISTRICT COUNCIL","Y60","QJ2","THE ARC","HIGH STREET","CLOWNE","CHESTERFIELD","","S43 4JY","20040401","","","RO36","","","","","","","","1","","","","",""
"131","BOSTON BOROUGH COUNCIL","Y60","QJM","MUNICIPAL BUILDINGS","WEST STREET","","BOSTON","","PE21 8QR","20040401","","","RO34","","","","","","","","1","","","","",""
"132","BRAINTREE DISTRICT COUNCIL","Y61","D7T5G","CAUSEWAY HOUSE","BOCKING END","","BRAINTREE","","CM7 9HB","20040401","","","RO36","","","","","","","","1","","","","",""
"133","BRECKLAND DISTRICT COUNCIL","Y61","T6Y0W","ELIZABETH HOUSE","WALPOLE LOKE","","DEREHAM","","NR19 1EE","20040401","","","RO36","","","","","","","","1","","","","",""
"134","BRENTWOOD BOROUGH COUNCIL","Y61","D7T5G","TOWN HALL","INGRAVE ROAD","","BRENTWOOD","","CM15 8AY","20040401","","","RO34","","","","","","","","1","","","","",""
"136","BROADLAND DISTRICT COUNCIL","Y61","T6Y0W","HORIZON BUSINESS CENTRE","PEACHMAN WAY","BROADLAND BUSINESS PARK","NORWICH","","NR7 0WF","20040401","","","RO36","","","","","","","","1","","","","",""
"137","BROMSGROVE DISTRICT COUNCIL","Y60","QGH","PARKSIDE","MARKET STREET","","BROMSGROVE","","B61 8DA","20040401","","","RO36","","","","","","","","1","","","","",""
"138","BROXBOURNE BOROUGH COUNCIL","Y61","S1Y5D","BISHOPS COLLEGE","CHURCHGATE","CHESHUNT","WALTHAM CROSS","","EN8 9XQ","20120401","","","RO34","","","","","","","","1","","","","",""
"139","BROXTOWE BOROUGH COUNCIL","Y60","QT1","TOWN HALL","FOSTER AVENUE","BEESTON","NOTTINGHAM","","NG9 1AB","20040401","","","RO34","","","","","","","","1","","","","",""
"140","BURNLEY BOROUGH COUNCIL","Y62","QE1","TOWN HALL","MANCHESTER ROAD","","BURNLEY","","BB11 9SD","20040401","","","RO34","","","","","","","","1","","","","",""
"142","CAMBRIDGE CITY COUNCIL","Y61","S1Y5D","THE GUILDHALL","","","CAMBRIDGE","","CB2 3QJ","20040401","","","RO35","","","","","","","","1","","","","",""
"143","CANNOCK CHASE DISTRICT COUNCIL","Y60","QNC","CIVIC CENTRE","BEECROFT ROAD","","CANNOCK","","WS11 1BG","20040401","","","RO36","","","","","","","","1","","","","",""
"144","CANTERBURY CITY COUNCIL","Y59","QKS","MILITARY ROAD","","","CANTERBURY","","CT1 1YW","20040401","","","RO35","","","","","","","","1","","","","",""
"146","CARLISLE CITY COUNCIL","Y63","QHM","CIVIC CENTRE","RICKERGATE","","CARLISLE","","CA3 8QG","20040401","20230331","","RO35","","","","","","","","1","","","","",""
"148","CASTLE POINT BOROUGH COUNCIL","Y61","D7T5G","KILN ROAD","","","BENFLEET","","SS7 1TF","20040401","","","RO34","","","","","","","","1","","","","",""
"150","CHARNWOOD BOROUGH COUNCIL","Y60","QK1","COUNCIL OFFICES","SOUTHFIELD ROAD","","LOUGHBOROUGH","","LE11 2TX","20040401","","","RO34","","","","","","","","1","","","","",""
"151","CHELMSFORD CITY COUNCIL","Y61","D7T5G","CIVIC CENTRE","DUKE STREET","","CHELMSFORD","","CM1 1JE","20040401","","","RO34","","","","","","","","1","","","","",""
"152","CHELTENHAM BOROUGH COUNCIL","Y58","QR1","MUNICIPAL OFFICES","PROMENADE","","CHELTENHAM","","GL50 1PJ","20040401","","","RO34","","","","","","","","1","","","","",""
"153","CHERWELL DISTRICT COUNCIL","Y59","S0E4D","39 CASTLE QUAY","","","BANBURY","","OX16 5FD","20040401","","","RO36","","","","","","","","1","","","","",""
"154","CHESTERFIELD BOROUGH COUNCIL","Y60","QJ2","TOWN HALL","ROSE HILL","","CHESTERFIELD","","S40 1LP","20040401","","","RO34","","","","","","","","1","","","","",""
"155","CHICHESTER DISTRICT COUNCIL","Y59","S9B9J","EAST PALLANT HOUSE","1 EAST PALLANT","","CHICHESTER","","PO19 1TY","20040401","","","RO36","","","","","","","","1","","","","",""
"156","CHILTERN DISTRICT COUNCIL","Y59","S0E4D","KING GEORGE V HOUSE","KING GEORGE V ROAD","","AMERSHAM","","HP6 5AW","20040401","20200331","","RO36","","","","","","","","1","","","","",""
"157","CHORLEY BOROUGH COUNCIL","Y62","QE1","CIVIC OFFICES","UNION STREET","","CHORLEY","","PR7 1AL","20040401","","","RO34","","","","","","","","1","","","","",""
"158","CHRISTCHURCH BOROUGH COUNCIL","Y58","QVV","CIVIC OFFICES","BRIDGE STREET","","CHRISTCHURCH","","BH23 1AZ","20040401","20190331","","RO34","","","","","","","","1","","","","",""
"159","CITY OF LINCOLN COUNCIL","Y60","QJM","CITY HALL","BEAUMONT FEE","","LINCOLN","","LN1 1DD","20040401","","","RO35","","","","","","","","1","","","","",""
"160","COLCHESTER BOROUGH COUNCIL","Y61","D7T5G","ROWAN HOUSE","33 SHEEPEN ROAD","","COLCHESTER","","CO3 3WG","20040401","","","RO34","","","","","","","","1","","","","",""
"162","COPELAND BOROUGH COUNCIL","Y63","QHM","THE COPELAND CENTRE","CATHERINE STREET","","WHITEHAVEN","","CA28 7SJ","20040401","20230331","","RO34","","","","","","","","1","","","","",""
"163","CORBY BOROUGH COUNCIL","Y60","QPM","THE CORBY CUBE","PARKLAND GATEWAY","GEORGE STREET","CORBY","","NN17 1QG","20040401","20210331","","RO34","","","","","","","","1","","","","",""
"164","COTSWOLD DISTRICT COUNCIL","Y58","QR1","TRINITY ROAD","","","CIRENCESTER","","GL7 1PX","20040401","","","RO36","","","","","","","","1","","","","",""
"165","CRAVEN DISTRICT COUNCIL","Y63","QWO","1 BELLE VUE SQUARE","BROUGHTON ROAD","","SKIPTON","","BD23 1FJ","20040401","20230331","","RO36","","","","","","","","1","","","","",""
"166","CRAWLEY BOROUGH COUNCIL","Y59","S9B9J","TOWN HALL","THE BOULEVARD","","CRAWLEY","","RH10 1UZ","20040401","","","RO34","","","","","","","","1","","","","",""
"167","DACORUM BOROUGH COUNCIL","Y61","S1Y5D","THE FORUM","MARLOWES","","HEMEL HEMPSTEAD","","HP1 1DN","20040401","","","RO34","","","","","","","","1","","","","",""
"168","DARTFORD BOROUGH COUNCIL","Y59","QKS","CIVIC CENTRE","HOME GARDENS","","DARTFORD","","DA1 1DR","20040401","","","RO34","","","","","","","","1","","","","",""
"169","DAVENTRY DISTRICT COUNCIL","Y60","QPM","LODGE ROAD","","","DAVENTRY","","NN11 4FP","20040401","20210331","","RO36","","","","","","","","1","","","","",""
"171","DERBYSHIRE DALES DISTRICT COUNCIL","Y60","QJ2","TOWN HALL","BANK ROAD","","MATLOCK","","DE4 3NN","20040401","","","RO36","","","","","","","","1","","","","",""
"172","DOVER DISTRICT COUNCIL","Y59","QKS","WHITE CLIFFS BUSINESS PARK","WHITFIELD","","DOVER","","CT16 3PJ","20040401","","","RO36","","","","","","","","1","","","","",""
"173","EAST CAMBRIDGESHIRE DISTRICT COUNCIL","Y61","S1Y5D","THE GRANGE","NUTHOLT LANE","","ELY","","CB7 4EE","20040401","","","RO36","","","","","","","","1","","","","",""
"174","EAST DEVON DISTRICT COUNCIL","Y58","QJK","BLACKDOWN HOUSE","BORDER ROAD","HEATHPARK INDUSTRIAL ESTATE","HONITON","","EX14 1EJ","20040401","","","RO36","","","","","","","","1","","","","",""
"175","EAST DORSET DISTRICT COUNCIL","Y58","QVV","COUNCIL OFFICES","FURZEHILL","","WIMBORNE","","BH21 4HN","20040401","20190331","","RO36","","","","","","","","1","","","","",""
"176","EAST HAMPSHIRE DISTRICT COUNCIL","Y59","QRL","PENNS PLACE","","","PETERSFIELD","","GU31 4EX","20040401","","","RO36","","","","","","","","1","","","","",""
"177","EAST HERTFORDSHIRE DISTRICT COUNCIL","Y61","S1Y5D","WALLFIELDS","PEGS LANE","","HERTFORD","","SG13 8EQ","20040401","","","RO36","","","","","","","","1","","","","",""
"178","EAST LINDSEY DISTRICT COUNCIL","Y60","QJM","TEDDER HALL","MANBY PARK","","LOUTH","","LN11 1SA","20040401","","","RO36","","","","","","","","1","","","","",""
"179","EAST NORTHAMPTONSHIRE COUNCIL","Y60","QPM","EAST NORTHAMPTONSHIRE HOUSE","CEDAR DRIVE","THRAPSTON","KETTERING","","NN14 4LZ","20040401","20210331","","RO36","","","","","","","","1","","","","",""
"180","EAST STAFFORDSHIRE BOROUGH COUNCIL","Y60","QNC","TOWN HALL","KING EDWARD PLACE","","BURTON-ON-TRENT","","DE14 2EB","20040401","","","RO34","","","","","","","","1","","","","",""
"181","EASTBOURNE BOROUGH COUNCIL","Y59","S9B9J","1 GROVE ROAD","","","EASTBOURNE","","BN21 4TW","20040401","","","RO34","","","","","","","","1","","","","",""
"182","EASTLEIGH BOROUGH COUNCIL","Y59","QRL","EASTLEIGH HOUSE","UPPER MARKET STREET","","EASTLEIGH","","SO50 9YN","20040401","","","RO34","","","","","","","","1","","","","",""
"183","EDEN DISTRICT COUNCIL","Y63","QHM","TOWN HALL","CORNEY SQUARE","","PENRITH","","CA11 7QF","20040401","20230331","","RO36","","","","","","","","1","","","","",""
"184","ELMBRIDGE BOROUGH COUNCIL","Y59","S9B9J","CIVIC CENTRE","HIGH STREET","","ESHER","","KT10 9SD","20040401","","","RO34","","","","","","","","1","","","","",""
"185","EPPING FOREST DISTRICT COUNCIL","Y61","D7T5G","CIVIC OFFICES","323 HIGH STREET","","EPPING","","CM16 4BZ","20040401","","","RO36","","","","","","","","1","","","","",""
"186","EPSOM AND EWELL BOROUGH COUNCIL","Y59","S9B9J","TOWN HALL","THE PARADE","","EPSOM","","KT18 5BY","20040401","","","RO34","","","","","","","","1","","","","",""
"187","EREWASH BOROUGH COUNCIL","Y60","QJ2","TOWN HALL","WHARNCLIFFE ROAD","","ILKESTON","","DE7 5RP","20040401","","","RO34","","","","","","","","1","","","","",""
"188","EXETER CITY COUNCIL","Y58","QJK","CIVIC CENTRE","PARIS STREET","","EXETER","","EX1 1JN","20040401","","","RO35","","","","","","","","1","","","","",""
"189","FAREHAM BOROUGH COUNCIL","Y59","QRL","CIVIC OFFICES","CIVIC WAY","","FAREHAM","","PO16 7AZ","20040401","","","RO34","","","","","","","","1","","","","",""
"190","FENLAND DISTRICT COUNCIL","Y61","S1Y5D","FENLAND HALL","COUNTY ROAD","","MARCH","","PE15 8NQ","20040401","","","RO36","","","","","","","","1","","","","",""
"192","FOREST HEATH DISTRICT COUNCIL","Y61","T6Y0W","DISTRICT OFFICES","COLLEGE HEATH ROAD","MILDENHALL","BURY ST. EDMUNDS","","IP28 7EY","20040401","20190331","","RO36","","","","","","","","1","","","","",""
"193","FOREST OF DEAN DISTRICT COUNCIL","Y58","QR1","COUNCIL OFFICES","HIGH STREET","","COLEFORD","","GL16 8HG","20040401","","","RO36","","","","","","","","1","","","","",""
"194","FYLDE BOROUGH COUNCIL","Y62","QE1","TOWN HALL","","","LYTHAM ST. ANNES","","FY8 1LW","20040401","","","RO34","","","","","","","","1","","","","",""
"195","GEDLING BOROUGH COUNCIL","Y60","QT1","CIVIC CENTRE","ARNOT HILL PARK","ARNOLD","NOTTINGHAM","","NG5 6LU","20040401","","","RO34","","","","","","","","1","","","","",""
"196","GLOUCESTER CITY COUNCIL","Y58","QR1","THE GATEWAY","92-96 WESTGATE STREET","","GLOUCESTER","","GL1 2PE","20040401","","","RO35","","","","","","","","1","","","","",""
"197","GOSPORT BOROUGH COUNCIL","Y59","QRL","TOWN HALL","HIGH STREET","","GOSPORT","","PO12 1EB","20040401","","","RO34","","","","","","","","1","","","","",""
"198","GRAVESHAM BOROUGH COUNCIL","Y59","QKS","CIVIC CENTRE","WINDMILL STREET","","GRAVESEND","","DA12 1AU","20040401","","","RO34","","","","","","","","1","","","","",""
"199","GREAT YARMOUTH BOROUGH COUNCIL","Y61","T6Y0W","TOWN HALL","HALL PLAIN","","GREAT YARMOUTH","","NR30 2QF","20040401","","","RO34","","","","","","","","1","","","","",""
"203","GREATER LONDON AUTHORITY","Y56","QMF","CITY HALL","KAMAL CHUNCHIE WAY","","LONDON","","E16 1ZE","20040401","","","RO223","","","","","","","","1","","","","",""
"204","BARNSLEY METROPOLITAN BOROUGH COUNCIL","Y63","QF7","TOWN HALL","CHURCH STREET","","BARNSLEY","","S70 2TA","19800101","","","RO37","","","","","","","","1","","","","",""
"205","DONCASTER METROPOLITAN BOROUGH COUNCIL","Y63","QF7","CIVIC OFFICE","WATERDALE","","DONCASTER","","DN1 3BU","19800101","","","RO37","","","","","","","","1","","","","",""
"206","ROTHERHAM METROPOLITAN BOROUGH COUNCIL","Y63","QF7","RIVERSIDE HOUSE","MAIN STREET","","ROTHERHAM","","S60 1AE","19800101","","","RO37","","","","","","","","1","","","","",""
"207","SHEFFIELD CITY COUNCIL","Y63","QF7","TOWN HALL","PINSTONE STREET","","SHEFFIELD","","S1 2HH","19800101","","","RO37","","","","","","","","1","","","","",""
"208","GUILDFORD BOROUGH COUNCIL","Y59","S9B9J","MILLMEAD HOUSE","MILLMEAD","","GUILDFORD","","GU2 4BB","20040401","","","RO34","","","","","","","","1","","","","",""
"209","CITY OF BRADFORD METROPOLITAN DISTRICT COUNCIL","Y63","QWO","6TH FLOOR","BRITANNIA HOUSE","HALL INGS","BRADFORD","","BD1 1HX","19800101","","","RO37","","","","","","","","1","","","","",""
"210","CALDERDALE METROPOLITAN BOROUGH COUNCIL","Y63","QWO","TOWN HALL","CROSSLEY STREET","","HALIFAX","","HX1 1UJ","19800101","","","RO37","","","","","","","","1","","","","",""
"211","KIRKLEES COUNCIL","Y63","QWO","CIVIC CENTRE","3 MARKET STREET","","HUDDERSFIELD","","HD1 2EY","19800101","","","RO37","","","","","","","","1","","","","",""
"212","LEEDS CITY COUNCIL","Y63","QWO","CIVIC HALL","CALVERLEY STREET","","LEEDS","","LS1 1UR","19800101","","","RO37","","","","","","","","1","","","","",""
"213","WAKEFIELD METROPOLITAN DISTRICT COUNCIL","Y63","QWO","TOWN HALL","WOOD STREET","","WAKEFIELD","","WF1 2HQ","19800101","","","RO37","","","","","","","","1","","","","",""
"214","EAST RIDING OF YORKSHIRE COUNCIL","Y63","QOQ","COUNTY HALL","CROSS STREET","","BEVERLEY","","HU17 9BA","19960401","","","RO40","","","","","","","","1","","","","",""
"215","HULL CITY COUNCIL","Y63","QOQ","THE GUILDHALL","ALFRED GELDER STREET","","HULL","","HU1 2AA","19960401","","","RO40","","","","","","","","1","","","","",""
"216","NORTH EAST LINCOLNSHIRE COUNCIL","Y63","QOQ","NEW OXFORD HOUSE","2 GEORGE STREET","","GRIMSBY","","DN31 1HB","19960401","","","RO40","","","","","","","","1","","","","",""
"217","NORTH LINCOLNSHIRE COUNCIL","Y63","QOQ","CHURCH SQUARE HOUSE","30-40 HIGH STREET","","SCUNTHORPE","","DN15 6NL","19960401","","","RO40","","","","","","","","1","","","","",""
"218","NORTH YORKSHIRE COUNCIL","Y63","QOQ","COUNTY HALL","","","NORTHALLERTON","","DL7 8AD","19960401","","","RO40","","","","","","","","1","","","","",""
"219","CITY OF YORK COUNCIL","Y63","QOQ","WEST OFFICES","STATION RISE","","YORK","","YO1 6GA","19960401","","","RO40","","","","","","","","1","","","","",""
"221","HAMBLETON DISTRICT COUNCIL","Y63","QOQ","CIVIC CENTRE","STONE CROSS","ROTARY WAY","NORTHALLERTON","","DL6 2UU","20040401","20230331","","RO36","","","","","","","","1","","","","",""
"222","HARBOROUGH DISTRICT COUNCIL","Y60","QK1","COUNCIL OFFICES","THE SYMINGTON BUILDING","ADAM & EVE STREET","MARKET HARBOROUGH","","LE16 7AG","20040401","","","RO36","","","","","","","","1","","","","",""
"223","HARLOW DISTRICT COUNCIL","Y61","D7T5G","CIVIC CENTRE","THE WATER GARDENS","COLLEGE SQUARE","HARLOW","","CM20 1WG","20040401","","","RO36","","","","","","","","1","","","","",""
"224","HARROGATE BOROUGH COUNCIL","Y63","QOQ","CIVIC CENTRE","ST LUKES AVENUE","","HARROGATE","","HG1 2AE","20040401","20230331","","RO34","","","","","","","","1","","","","",""
"225","HART DISTRICT COUNCIL","Y59","QRL","CIVIC OFFICES","HARLINGTON WAY","","FLEET","","GU51 4AE","20040401","","","RO36","","","","","","","","1","","","","",""
"226","HASTINGS BOROUGH COUNCIL","Y59","S9B9J","TOWN HALL","QUEENS ROAD","","HASTINGS","","TN34 1QR","20040401","","","RO34","","","","","","","","1","","","","",""
"227","HAVANT BOROUGH COUNCIL","Y59","QRL","PUBLIC SERVICE PLAZA","CIVIC CENTRE ROAD","","HAVANT","","PO9 2AX","20040401","","","RO34","","","","","","","","1","","","","",""
"228","HERTSMERE BOROUGH COUNCIL","Y61","S1Y5D","CIVIC OFFICES","ELSTREE WAY","","BOREHAMWOOD","","WD6 1WA","20040401","","","RO34","","","","","","","","1","","","","",""
"229","HIGH PEAK BOROUGH COUNCIL","Y60","QJ2","TOWN HALL","","","BUXTON","","SK17 6EL","20040401","","","RO34","","","","","","","","1","","","","",""
"230","HINCKLEY AND BOSWORTH BOROUGH COUNCIL","Y60","QK1","HINCKLEY HUB","RUGBY ROAD","","HINCKLEY","","LE10 0FR","20040401","","","RO34","","","","","","","","1","","","","",""
"231","HORSHAM DISTRICT COUNCIL","Y59","S9B9J","PARKSIDE","CHART WAY","","HORSHAM","","RH12 1RL","20040401","","","RO36","","","","","","","","1","","","","",""
"232","HUNTINGDONSHIRE DISTRICT COUNCIL","Y61","S1Y5D","PATHFINDER HOUSE","ST MARYS STREET","","HUNTINGDON","","PE29 3TN","20040401","","","RO36","","","","","","","","1","","","","",""
"233","HYNDBURN BOROUGH COUNCIL","Y62","QE1","SCAITCLIFFE HOUSE","ORMEROD STREET","","ACCRINGTON","","BB5 0PF","20040401","","","RO34","","","","","","","","1","","","","",""
"234","IPSWICH BOROUGH COUNCIL","Y61","T6Y0W","GRAFTON HOUSE","15-17 RUSSELL ROAD","","IPSWICH","","IP1 2DE","20040401","","","RO34","","","","","","","","1","","","","",""
"236","KETTERING BOROUGH COUNCIL","Y60","QPM","MUNICIPAL OFFICES","BOWLING GREEN ROAD","","KETTERING","","NN15 7QX","20040401","20210331","","RO34","","","","","","","","1","","","","",""
"237","BOROUGH COUNCIL OF KING'S LYNN AND WEST NORFOLK","Y61","T6Y0W","KINGS COURT","CHAPEL STREET","","KING'S LYNN","","PE30 1EX","20040401","","","RO34","","","","","","","","1","","","","",""
"238","LANCASTER CITY COUNCIL","Y62","QE1","TOWN HALL","DALTON SQUARE","","LANCASTER","","LA1 1PJ","20040401","","","RO35","","","","","","","","1","","","","",""
"239","LEWES DISTRICT COUNCIL","Y59","S9B9J","32 HIGH STREET","","","LEWES","","BN7 2LX","20040401","","","RO36","","","","","","","","1","","","","",""
"240","LICHFIELD DISTRICT COUNCIL","Y60","QNC","DISTRICT COUNCIL HOUSE","FROG LANE","","LICHFIELD","","WS13 6YU","20040401","","","RO36","","","","","","","","1","","","","",""
"241","MAIDSTONE BOROUGH COUNCIL","Y59","QKS","MAIDSTONE HOUSE","KING STREET","","MAIDSTONE","","ME15 6JQ","20040401","","","RO34","","","","","","","","1","","","","",""
"242","MALDON DISTRICT COUNCIL","Y61","D7T5G","COUNCIL OFFICES","PRINCES ROAD","","MALDON","","CM9 5DL","20040401","","","RO36","","","","","","","","1","","","","",""
"243","MALVERN HILLS DISTRICT COUNCIL","Y60","QGH","THE COUNCIL HOUSE","AVENUE ROAD","","MALVERN","","WR14 3AF","20040401","","","RO36","","","","","","","","1","","","","",""
"244","MANSFIELD DISTRICT COUNCIL","Y60","QT1","CIVIC CENTRE","CHESTERFIELD ROAD SOUTH","","MANSFIELD","","NG19 7BH","20040401","","","RO36","","","","","","","","1","","","","",""
"245","MELTON BOROUGH COUNCIL","Y60","QK1","PARKSIDE","STATION APPROACH","BURTON STREET","MELTON MOWBRAY","","LE13 1GH","20040401","","","RO34","","","","","","","","1","","","","",""
"246","MENDIP DISTRICT COUNCIL","Y58","QSL","COUNCIL OFFICES","CANNARDS GRAVE ROAD","","SHEPTON MALLET","","BA4 5BT","20040401","20230331","","RO36","","","","","","","","1","","","","",""
"248","MID DEVON DISTRICT COUNCIL","Y58","QJK","PHOENIX HOUSE","PHOENIX LANE","","TIVERTON","","EX16 6PP","20040401","","","RO36","","","","","","","","1","","","","",""
"249","MID SUFFOLK DISTRICT COUNCIL","Y61","T6Y0W","COUNCIL OFFICES","131 HIGH STREET","NEEDHAM MARKET","IPSWICH","","IP6 8GF","20040401","","","RO36","","","","","","","","1","","","","",""
"250","MID SUSSEX DISTRICT COUNCIL","Y59","S9B9J","OAKLANDS","OAKLANDS ROAD","","HAYWARDS HEATH","","RH16 1SS","20040401","","","RO36","","","","","","","","1","","","","",""
"251","MOLE VALLEY DISTRICT COUNCIL","Y59","S9B9J","PIPPBROOK","","","DORKING","","RH4 1SJ","20040401","","","RO36","","","","","","","","1","","","","",""
"254","NEW FOREST DISTRICT COUNCIL","Y59","QRL","APPLETREE COURT","BEAULIEU ROAD","","LYNDHURST","","SO43 7PA","20040401","","","RO36","","","","","","","","1","","","","",""
"255","NEWARK AND SHERWOOD DISTRICT COUNCIL","Y60","QT1","CASTLE HOUSE","GREAT NORTH ROAD","","NEWARK","","NG24 1BY","20040401","","","RO36","","","","","","","","1","","","","",""
"256","NEWCASTLE-UNDER-LYME BOROUGH COUNCIL","Y60","QNC","CASTLE HOUSE","BARRACKS ROAD","","NEWCASTLE","","ST5 1BL","20040401","","","RO34","","","","","","","","1","","","","",""
"258","NORTH DEVON DISTRICT COUNCIL","Y58","QJK","LYNTON HOUSE","COMMERCIAL ROAD","","BARNSTAPLE","","EX31 1DG","20040401","","","RO36","","","","","","","","1","","","","",""
"259","NORTH DORSET DISTRICT COUNCIL","Y58","QVV","NORDON","SALISBURY ROAD","","BLANDFORD FORUM","","DT11 7LL","20040401","20190331","","RO36","","","","","","","","1","","","","",""
"260","NORTH EAST DERBYSHIRE DISTRICT COUNCIL","Y60","QJ2","2013 MILL LANE","WINGERWORTH","","CHESTERFIELD","","S42 6NG","20040401","","","RO36","","","","","","","","1","","","","",""
"261","NORTH HERTFORDSHIRE DISTRICT COUNCIL","Y61","S1Y5D","COUNCIL OFFICES","GERNON ROAD","","LETCHWORTH GARDEN CITY","","SG6 3JF","20040401","","","RO36","","","","","","","","1","","","","",""
"262","NORTH KESTEVEN DISTRICT COUNCIL","Y60","QJM","COUNCIL OFFICES","KESTEVEN STREET","","SLEAFORD","","NG34 7EF","20040401","","","RO36","","","","","","","","1","","","","",""
"263","NORTH NORFOLK DISTRICT COUNCIL","Y61","T6Y0W","COUNCIL OFFICES","HOLT ROAD","","CROMER","","NR27 9EN","20040401","","","RO36","","","","","","","","1","","","","",""
"264","NORTH WARWICKSHIRE BOROUGH COUNCIL","Y60","QWU","THE COUNCIL HOUSE","SOUTH STREET","","ATHERSTONE","","CV9 1DE","20040401","","","RO34","","","","","","","","1","","","","",""
"265","NORTH WEST LEICESTERSHIRE DISTRICT COUNCIL","Y60","QK1","COUNCIL OFFICES","WHITWICK ROAD","","COALVILLE","","LE67 3FJ","20040401","","","RO36","","","","","","","","1","","","","",""
"266","NORTHAMPTON BOROUGH COUNCIL","Y60","QPM","THE GUILDHALL","ST GILES SQUARE","","NORTHAMPTON","","NN1 1DE","20040401","20210331","","RO34","","","","","","","","1","","","","",""
"267","NORWICH CITY COUNCIL","Y61","T6Y0W","CITY HALL","ST PETERS STREET","","NORWICH","","NR2 1NH","20040401","","","RO35","","","","","","","","1","","","","",""
"268","NUNEATON AND BEDWORTH BOROUGH COUNCIL","Y60","QWU","TOWN HALL","COTON ROAD","","NUNEATON","","CV11 5AA","20040401","","","RO34","","","","","","","","1","","","","",""
"269","OADBY AND WIGSTON BOROUGH COUNCIL","Y60","QK1","40 BELL STREET","","","WIGSTON","","LE18 1AD","20040401","","","RO34","","","","","","","","1","","","","",""
"270","OXFORD CITY COUNCIL","Y59","S0E4D","TOWN HALL","ST ALDATES","","OXFORD","","OX1 1BX","20040401","","","RO35","","","","","","","","1","","","","",""
"272","PENDLE BOROUGH COUNCIL","Y62","QE1","NUMBER ONE","MARKET STREET","","NELSON","","BB9 7LJ","20040401","","","RO34","","","","","","","","1","","","","",""
"274","PRESTON CITY COUNCIL","Y62","QE1","TOWN HALL","LANCASTER ROAD","","PRESTON","","PR1 2RL","20040401","","","RO35","","","","","","","","1","","","","",""
"275","PURBECK DISTRICT COUNCIL","Y58","QVV","WESTPORT HOUSE","WORGRET ROAD","","WAREHAM","","BH20 4PP","20040401","20190331","","RO36","","","","","","","","1","","","","",""
"276","REDDITCH BOROUGH COUNCIL","Y60","QGH","TOWN HALL","WALTER STRANZ SQUARE","","REDDITCH","","B98 8AH","20040401","","","RO34","","","","","","","","1","","","","",""
"277","REIGATE AND BANSTEAD BOROUGH COUNCIL","Y59","S9B9J","TOWN HALL","CASTLEFIELD ROAD","","REIGATE","","RH2 0SH","20040401","","","RO34","","","","","","","","1","","","","",""
"279","RIBBLE VALLEY BOROUGH COUNCIL","Y62","QE1","COUNCIL OFFICES","CHURCH WALK","","CLITHEROE","","BB7 2RA","20040401","","","RO34","","","","","","","","1","","","","",""
"280","RICHMONDSHIRE DISTRICT COUNCIL","Y63","QOQ","MERCURY HOUSE","STATION ROAD","","RICHMOND","","DL10 4JX","20040401","20230331","","RO36","","","","","","","","1","","","","",""
"281","ROCHFORD DISTRICT COUNCIL","Y61","D7T5G","COUNCIL OFFICES","SOUTH STREET","","ROCHFORD","","SS4 1BW","20040401","","","RO36","","","","","","","","1","","","","",""
"282","ROSSENDALE BOROUGH COUNCIL","Y62","QE1","ONE STOP SHOP","THE BUSINESS CENTRE","FUTURES PARK","BACUP","","OL13 0BB","20040401","","","RO34","","","","","","","","1","","","","",""
"283","ROTHER DISTRICT COUNCIL","Y59","S9B9J","TOWN HALL","LONDON ROAD","","BEXHILL-ON-SEA","","TN39 3JX","20040401","","","RO36","","","","","","","","1","","","","",""
"284","RUGBY BOROUGH COUNCIL","Y60","QWU","TOWN HALL","EVREUX WAY","","RUGBY","","CV21 2RR","20040401","","","RO34","","","","","","","","1","","","","",""
"285","RUNNYMEDE BOROUGH COUNCIL","Y59","S9B9J","RUNNYMEDE CIVIC CENTRE","STATION ROAD","","ADDLESTONE","","KT15 2AH","20040401","","","RO34","","","","","","","","1","","","","",""
"286","RUSHCLIFFE BOROUGH COUNCIL","Y60","QT1","RUSHCLIFFE ARENA","RUGBY ROAD","WEST BRIDGFORD","NOTTINGHAM","","NG2 7YG","20040401","","","RO34","","","","","","","","1","","","","",""
"287","RUSHMOOR BOROUGH COUNCIL","Y59","QRL","COUNCIL OFFICES","FARNBOROUGH ROAD","","FARNBOROUGH","","GU14 7JU","20040401","","","RO34","","","","","","","","1","","","","",""
"288","RYEDALE DISTRICT COUNCIL","Y63","QOQ","RYEDALE HOUSE","OLD MALTON ROAD","","MALTON","","YO17 7HH","20040401","20230331","","RO36","","","","","","","","1","","","","",""
"289","SCARBOROUGH BOROUGH COUNCIL","Y63","QOQ","TOWN HALL","ST NICHOLAS STREET","","SCARBOROUGH","","YO11 2HG","20040401","20230331","","RO34","","","","","","","","1","","","","",""
"290","SEDGEMOOR DISTRICT COUNCIL","Y58","QSL","BRIDGWATER HOUSE","KING SQUARE","","BRIDGWATER","","TA6 3AR","20040401","20230331","","RO36","","","","","","","","1","","","","",""
"291","SELBY DISTRICT COUNCIL","Y63","QOQ","CIVIC CENTRE","WAR MEMORIAL SQUARE","DONCASTER ROAD","SELBY","","YO8 9FT","20040401","20230331","","RO36","","","","","","","","1","","","","",""
"292","SEVENOAKS DISTRICT COUNCIL","Y59","QKS","COUNCIL OFFICES","ARGYLE ROAD","","SEVENOAKS","","TN13 1HG","20040401","","","RO36","","","","","","","","1","","","","",""
"293","FOLKESTONE AND HYTHE COUNCIL","Y59","QKS","CIVIC CENTRE","CASTLE HILL AVENUE","","FOLKESTONE","","CT20 2QY","20040401","","","RO36","","","","","","","","1","","","","",""
"294","SOUTH BUCKS DISTRICT COUNCIL","Y59","S0E4D","CAPSWOOD","OXFORD ROAD","DENHAM","UXBRIDGE","","UB9 4LH","20040401","20200331","","RO36","","","","","","","","1","","","","",""
"295","SOUTH CAMBRIDGESHIRE DISTRICT COUNCIL","Y61","S1Y5D","SOUTH CAMBRIDGESHIRE HALL","6010 CAMBOURNE BUSINESS PARK","CAMBOURNE","CAMBRIDGE","","CB23 6EA","20040401","","","RO36","","","","","","","","1","","","","",""
"296","SOUTH DERBYSHIRE DISTRICT COUNCIL","Y60","QJ2","CIVIC OFFICES","CIVIC WAY","","SWADLINCOTE","","DE11 0AH","20040401","","","RO36","","","","","","","","1","","","","",""
"297","SOUTH HAMS DISTRICT COUNCIL","Y58","QJK","FOLLATON HOUSE","PLYMOUTH ROAD","","TOTNES","","TQ9 5NE","20040401","","","RO36","","","","","","","","1","","","","",""
"298","SOUTH HOLLAND DISTRICT COUNCIL","Y60","QJM","COUNCIL OFFICES","PRIORY ROAD","","SPALDING","","PE11 2XE","20040401","","","RO36","","","","","","","","1","","","","",""
"299","SOUTH KESTEVEN DISTRICT COUNCIL","Y60","QJM","COUNCIL OFFICES","ST PETERS HILL","","GRANTHAM","","NG31 6PZ","20040401","","","RO36","","","","","","","","1","","","","",""
"303","SOUTH LAKELAND DISTRICT COUNCIL","Y62","QE1","SOUTH LAKELAND HOUSE","LOWTHER STREET","","KENDAL","","LA9 4UF","20040401","20230331","","RO36","","","","","","","","1","","","","",""
"304","BOLTON METROPOLITAN BOROUGH COUNCIL","Y62","QOP","TOWN HALL","VICTORIA SQUARE","","BOLTON","","BL1 1RU","19800101","","","RO37","","","","","","","","1","","","","",""
"305","BURY METROPOLITAN BOROUGH COUNCIL","Y62","QOP","TOWN HALL","KNOWSLEY STREET","","BURY","","BL9 0SW","19800101","","","RO37","","","","","","","","1","","","","",""
"306","MANCHESTER CITY COUNCIL","Y62","QOP","TOWN HALL","ALBERT SQUARE","","MANCHESTER","","M60 2LA","19800101","","","RO37","","","","","","","","1","","","","",""
"307","OLDHAM METROPOLITAN BOROUGH COUNCIL","Y62","QOP","CIVIC CENTRE","WEST STREET","","OLDHAM","","OL1 1UT","19800101","","","RO37","","","","","","","","1","","","","",""
"308","ROCHDALE METROPOLITAN BOROUGH COUNCIL","Y62","QOP","NUMBER ONE RIVERSIDE","SMITH STREET","","ROCHDALE","","OL16 1XU","19800101","","","RO37","","","","","","","","1","","","","",""
"309","SALFORD CITY COUNCIL","Y62","QOP","CIVIC CENTRE","CHORLEY ROAD","","MANCHESTER","","M27 5AW","19800101","","","RO37","","","","","","","","1","","","","",""
"310","STOCKPORT METROPOLITAN BOROUGH COUNCIL","Y62","QOP","FRED PERRY HOUSE","EDWARD STREET","","STOCKPORT","","SK1 3UR","19800101","","","RO37","","","","","","","","1","","","","",""
"311","TAMESIDE METROPOLITAN BOROUGH COUNCIL","Y62","QOP","TAMESIDE ONE","MARKET PLACE","","ASHTON-UNDER-LYNE","","OL6 6BH","19800101","","","RO37","","","","","","","","1","","","","",""
"312","TRAFFORD METROPOLITAN BOROUGH COUNCIL","Y62","QOP","TRAFFORD TOWN HALL","TALBOT ROAD","STRETFORD","MANCHESTER","","M32 0TH","19800101","","","RO37","","","","","","","","1","","","","",""
"313","WIGAN METROPOLITAN BOROUGH COUNCIL","Y62","QOP","TOWN HALL","LIBRARY STREET","","WIGAN","","WN1 1YN","19800101","","","RO37","","","","","","","","1","","","","",""
"314","SOUTH NORFOLK DISTRICT COUNCIL","Y61","T6Y0W","SOUTH NORFOLK HOUSE","CYGNET COURT","LONG STRATTON","NORWICH","","NR15 2GW","20040401","","","RO36","","","","","","","","1","","","","",""
"315","KNOWSLEY METROPOLITAN BOROUGH COUNCIL","Y62","QYG","MUNICIPAL BUILDINGS","ARCHWAY ROAD","HUYTON","LIVERPOOL","","L36 9UX","19800101","","","RO37","","","","","","","","1","","","","",""
"316","LIVERPOOL CITY COUNCIL","Y62","QYG","MUNICIPAL BUILDINGS","DALE STREET","","LIVERPOOL","","L2 2ZR","19800101","","","RO37","","","","","","","","1","","","","",""
"317","SEFTON METROPOLITAN BOROUGH COUNCIL","Y62","QYG","TOWN HALL","ORIEL ROAD","","BOOTLE","","L20 7AE","19800101","","","RO37","","","","","","","","1","","","","",""
"318","ST HELENS COUNCIL","Y62","QYG","WESLEY HOUSE","CORPORATION STREET","","ST. HELENS","","WA10 1HF","19800101","","","RO37","","","","","","","","1","","","","",""
"319","WIRRAL BOROUGH COUNCIL","Y62","QYG","TOWN HALL","BRIGHTON STREET","","WALLASEY","","CH44 8ED","19800101","","","RO37","","","","","","","","1","","","","",""
"321","HALTON BOROUGH COUNCIL","Y62","QYG","MUNICIPAL BUILDING","KINGSWAY","","WIDNES","","WA8 7QF","19980401","","","RO40","","","","","","","","1","","","","",""
"322","WARRINGTON BOROUGH COUNCIL","Y62","QYG","COUNCIL OFFICES","1 TIME SQUARE","","WARRINGTON","","WA1 2NT","19980401","","","RO40","","","","","","","","1","","","","",""
"323","LANCASHIRE COUNTY COUNCIL","Y62","QE1","PO BOX 78","COUNTY HALL","FISHERGATE","PRESTON","","PR1 8XJ","19980401","","","RO33","","","","","","","","1","","","","",""
"324","BLACKBURN WITH DARWEN BOROUGH COUNCIL","Y62","QE1","TOWN HALL","KING WILLIAM STREET","","BLACKBURN","","BB1 7DY","19980401","","","RO40","","","","","","","","1","","","","",""
"325","BLACKPOOL BOROUGH COUNCIL","Y62","QE1","MUNICIPAL BUILDINGS","CORPORATION STREET","","BLACKPOOL","","FY1 1EJ","19980401","","","RO40","","","","","","","","1","","","","",""
"326","CHESHIRE EAST COUNCIL","Y62","QYG","MUNICIPAL BUILDINGS","EARLE STREET","","CREWE","","CW1 2BJ","20040401","","","RO40","","","","","","","","1","","","","",""
"327","CHESHIRE WEST AND CHESTER COUNCIL","Y62","QYG","58 NICHOLAS STREET","","","CHESTER","","CH1 2NP","20090401","","","RO40","","","","","","","","1","","","","",""
"328","SOUTH RIBBLE BOROUGH COUNCIL","Y62","QE1","CIVIC CENTRE","WEST PADDOCK","","LEYLAND","","PR25 1DH","20040401","","","RO34","","","","","","","","1","","","","",""
"329","SOUTH SOMERSET DISTRICT COUNCIL","Y58","QSL","THE COUNCIL OFFICES","BRYMPTON WAY","","YEOVIL","","BA20 2HT","20040401","20230331","","RO36","","","","","","","","1","","","","",""
"330","SOUTH STAFFORDSHIRE COUNCIL","Y60","QNC","COUNCIL OFFICES","WOLVERHAMPTON ROAD","CODSALL","WOLVERHAMPTON","","WV8 1PX","20040401","","","RO36","","","","","","","","1","","","","",""
"331","SPELTHORNE BOROUGH COUNCIL","Y59","S9B9J","COUNCIL OFFICES","KNOWLE GREEN","","STAINES-UPON-THAMES","","TW18 1XB","20040401","","","RO34","","","","","","","","1","","","","",""
"332","ST ALBANS CITY AND DISTRICT COUNCIL","Y61","S1Y5D","CIVIC CENTRE","ST PETERS STREET","","ST. ALBANS","","AL1 3JE","20040401","","","RO36","","","","","","","","1","","","","",""
"333","ST EDMUNDSBURY BOROUGH COUNCIL","Y61","T6Y0W","WEST SUFFOLK HOUSE","WESTERN WAY","","BURY ST. EDMUNDS","","IP33 3YU","20040401","20190331","","RO34","","","","","","","","1","","","","",""
"334","STAFFORD BOROUGH COUNCIL","Y60","QNC","CIVIC CENTRE","RIVERSIDE","","STAFFORD","","ST16 3AQ","20040401","","","RO34","","","","","","","","1","","","","",""
"335","STAFFORDSHIRE MOORLANDS DISTRICT COUNCIL","Y60","QNC","MOORLANDS HOUSE","STOCKWELL STREET","","LEEK","","ST13 6HQ","20040401","","","RO36","","","","","","","","1","","","","",""
"336","STEVENAGE BOROUGH COUNCIL","Y61","S1Y5D","DANESHILL HOUSE","DANESTRETE","","STEVENAGE","","SG1 1HN","20040401","","","RO34","","","","","","","","1","","","","",""
"337","STRATFORD-ON-AVON DISTRICT COUNCIL","Y60","QWU","ELIZABETH HOUSE","CHURCH STREET","","STRATFORD-UPON-AVON","","CV37 6HX","20040401","","","RO36","","","","","","","","1","","","","",""
"338","STROUD DISTRICT COUNCIL","Y58","QR1","EBLEY MILL","EBLEY WHARF","","STROUD","","GL5 4UB","20040401","","","RO36","","","","","","","","1","","","","",""
"339","SUFFOLK COASTAL DISTRICT COUNCIL","Y61","T6Y0W","MELTON HILL","","","WOODBRIDGE","","IP12 1AU","20040401","20190331","","RO36","","","","","","","","1","","","","",""
"340","SURREY HEATH BOROUGH COUNCIL","Y59","S9B9J","SURREY HEATH HOUSE","KNOLL ROAD","","CAMBERLEY","","GU15 3HD","20040401","","","RO34","","","","","","","","1","","","","",""
"341","SWALE BOROUGH COUNCIL","Y59","QKS","SWALE HOUSE","EAST STREET","","SITTINGBOURNE","","ME10 3HT","20040401","","","RO34","","","","","","","","1","","","","",""
"343","TAMWORTH BOROUGH COUNCIL","Y60","QNC","MARMION HOUSE","LICHFIELD STREET","","TAMWORTH","","B79 7BZ","20040401","","","RO34","","","","","","","","1","","","","",""
"344","TANDRIDGE DISTRICT COUNCIL","Y59","S9B9J","COUNCIL OFFICES","8 STATION ROAD EAST","","OXTED","","RH8 0BT","20040401","","","RO36","","","","","","","","1","","","","",""
"345","TAUNTON DEANE BOROUGH COUNCIL","Y58","QSL","THE DEANE HOUSE","BELVEDERE ROAD","","TAUNTON","","TA1 1HE","20040401","20190331","","RO34","","","","","","","","1","","","","",""
"346","TEIGNBRIDGE DISTRICT COUNCIL","Y58","QJK","FORDE HOUSE","BRUNEL ROAD","","NEWTON ABBOT","","TQ12 4XX","20040401","","","RO36","","","","","","","","1","","","","",""
"347","TENDRING DISTRICT COUNCIL","Y61","D7T5G","TOWN HALL","STATION ROAD","","CLACTON-ON-SEA","","CO15 1SE","20040401","","","RO36","","","","","","","","1","","","","",""
"348","TEST VALLEY BOROUGH COUNCIL","Y59","QRL","BEECH HURST","WEYHILL ROAD","","ANDOVER","","SP10 3AJ","20040401","","","RO34","","","","","","","","1","","","","",""
"349","TEWKESBURY BOROUGH COUNCIL","Y58","QR1","COUNCIL OFFICES","GLOUCESTER ROAD","","TEWKESBURY","","GL20 5TT","20040401","","","RO34","","","","","","","","1","","","","",""
"350","THANET DISTRICT COUNCIL","Y59","QKS","CECIL STREET","","","MARGATE","","CT9 1XZ","20040401","","","RO36","","","","","","","","1","","","","",""
"351","THREE RIVERS DISTRICT COUNCIL","Y61","S1Y5D","THREE RIVERS HOUSE","NORTHWAY","","RICKMANSWORTH","","WD3 1RL","20040401","","","RO36","","","","","","","","1","","","","",""
"352","TONBRIDGE AND MALLING BOROUGH COUNCIL","Y59","QKS","GIBSON BUILDING","GIBSON DRIVE","KINGS HILL","WEST MALLING","","ME19 4LZ","20040401","","","RO34","","","","","","","","1","","","","",""
"354","TORRIDGE DISTRICT COUNCIL","Y58","QJK","RIVERBANK HOUSE","","","BIDEFORD","","EX39 2QG","20040401","","","RO36","","","","","","","","1","","","","",""
"355","TUNBRIDGE WELLS BOROUGH COUNCIL","Y59","QKS","TOWN HALL","MOUNT PLEASANT ROAD","","TUNBRIDGE WELLS","","TN1 1RS","20040401","","","RO34","","","","","","","","1","","","","",""
"356","UTTLESFORD DISTRICT COUNCIL","Y61","D7T5G","COUNCIL OFFICES","LONDON ROAD","","SAFFRON WALDEN","","CB11 4ER","20040401","","","RO36","","","","","","","","1","","","","",""
"358","VALE OF WHITE HORSE DISTRICT COUNCIL","Y59","S0E4D","135 EASTERN AVENUE","MILTON PARK","MILTON","ABINGDON","","OX14 4SB","20040401","","","RO36","","","","","","","","1","","","","",""
"359","WARWICK DISTRICT COUNCIL","Y60","QWU","RIVERSIDE HOUSE","MILVERTON HILL","","LEAMINGTON SPA","","CV32 5HZ","20040401","","","RO36","","","","","","","","1","","","","",""
"360","WATFORD BOROUGH COUNCIL","Y61","S1Y5D","TOWN HALL","HEMPSTEAD ROAD","","WATFORD","","WD17 3EX","20040401","","","RO34","","","","","","","","1","","","","",""
"361","WAVENEY DISTRICT COUNCIL","Y61","T6Y0W","TOWN HALL","HIGH STREET","","LOWESTOFT","","NR32 1HS","20040401","20190331","","RO36","","","","","","","","1","","","","",""
"362","WAVERLEY BOROUGH COUNCIL","Y59","S9B9J","THE BURYS","","","GODALMING","","GU7 1HR","20040401","","","RO34","","","","","","","","1","","","","",""
"363","WEALDEN DISTRICT COUNCIL","Y59","S9B9J","COUNCIL OFFICES","VICARAGE LANE","","HAILSHAM","","BN27 2AX","20040401","","","RO36","","","","","","","","1","","","","",""
"364","WELLINGBOROUGH BOROUGH COUNCIL","Y60","QPM","SWANSPOOL HOUSE","DODDINGTON ROAD","","WELLINGBOROUGH","","NN8 1BP","20040401","20210331","","RO34","","","","","","","","1","","","","",""
"365","WELWYN HATFIELD BOROUGH COUNCIL","Y61","S1Y5D","COUNCIL OFFICES","THE CAMPUS","","WELWYN GARDEN CITY","","AL8 6AE","20040401","","","RO34","","","","","","","","1","","","","",""
"366","WEST DEVON BOROUGH COUNCIL","Y58","QJK","KILWORTHY PARK","DRAKE ROAD","","TAVISTOCK","","PL19 0BZ","20040401","","","RO34","","","","","","","","1","","","","",""
"367","WEST DORSET DISTRICT COUNCIL","Y58","QVV","SOUTH WALKS HOUSE","SOUTH WALKS ROAD","","DORCHESTER","","DT1 1UZ","20040401","20190331","","RO36","","","","","","","","1","","","","",""
"368","WEST LANCASHIRE BOROUGH COUNCIL","Y62","QE1","52 DERBY STREET","","","ORMSKIRK","","L39 2FF","20040401","","","RO34","","","","","","","","1","","","","",""
"369","WEST LINDSEY DISTRICT COUNCIL","Y60","QJM","THE GUILDHALL","MARSHALLS YARD","","GAINSBOROUGH","","DN21 2NA","20040401","","","RO36","","","","","","","","1","","","","",""
"370","WEST OXFORDSHIRE DISTRICT COUNCIL","Y59","S0E4D","3 WELCH WAY","","","WITNEY","","OX28 6JH","20040401","","","RO36","","","","","","","","1","","","","",""
"371","WEST SOMERSET DISTRICT COUNCIL","Y58","QSL","KILLICK WAY","WILLITON","","TAUNTON","","TA4 4QA","20040401","20190331","","RO36","","","","","","","","1","","","","",""
"372","WEYMOUTH AND PORTLAND BOROUGH COUNCIL","Y58","QVV","COUNCIL OFFICES","NORTH QUAY","","WEYMOUTH","","DT4 8TA","20040401","20190331","","RO34","","","","","","","","1","","","","",""
"373","WINCHESTER CITY COUNCIL","Y59","QRL","CITY OFFICES","COLEBROOK STREET","","WINCHESTER","","SO23 9LJ","20040401","","","RO35","","","","","","","","1","","","","",""
"374","WOKING BOROUGH COUNCIL","Y59","S9B9J","CIVIC OFFICES","GLOUCESTER SQUARE","","WOKING","","GU21 6YL","20040401","","","RO34","","","","","","","","1","","","","",""
"375","WORCESTER CITY COUNCIL","Y60","QGH","GUILDHALL","HIGH STREET","","WORCESTER","","WR1 2EY","20040401","","","RO35","","","","","","","","1","","","","",""
"376","WORTHING BOROUGH COUNCIL","Y59","S9B9J","PORTLAND HOUSE","44 RICHMOND ROAD","","WORTHING","","BN11 1HS","20040401","","","RO34","","","","","","","","1","","","","",""
"378","WYCHAVON DISTRICT COUNCIL","Y60","QGH","CIVIC CENTRE","QUEEN ELIZABETH DRIVE","","PERSHORE","","WR10 1PT","20040401","","","RO36","","","","","","","","1","","","","",""
"379","WYCOMBE DISTRICT COUNCIL","Y59","S0E4D","QUEEN VICTORIA ROAD","","","HIGH WYCOMBE","","HP11 1BB","20040401","20200331","","RO36","","","","","","","","1","","","","",""
"380","WYRE BOROUGH COUNCIL","Y62","QE1","WYRE CIVIC CENTRE","BRECK ROAD","","POULTON-LE-FYLDE","","FY6 7PU","20040401","","","RO34","","","","","","","","1","","","","",""
"381","WYRE FOREST DISTRICT COUNCIL","Y60","QGH","WYRE FOREST HOUSE","FINEPOINT WAY","","KIDDERMINSTER","","DY11 7WF","20040401","","","RO36","","","","","","","","1","","","","",""
"382","SOUTH NORTHAMPTONSHIRE COUNCIL","Y60","QPM","THE FORUM","MOAT LANE","","TOWCESTER","","NN12 6AD","20040401","20210331","","RO36","","","","","","","","1","","","","",""
"383","SOUTH OXFORDSHIRE DISTRICT COUNCIL","Y59","S0E4D","135 EASTERN AVENUE","MILTON PARK","MILTON","ABINGDON","","OX14 4SB","20040401","","","RO36","","","","","","","","1","","","","",""
"404","WARWICKSHIRE COUNTY COUNCIL","Y60","QWU","SHIRE HALL","MARKET PLACE","","WARWICK","","CV34 4RL","19800101","","","RO33","","","","","","","","1","","","","",""
"406","BIRMINGHAM CITY COUNCIL","Y60","QHL","THE COUNCIL HOUSE","","","BIRMINGHAM","","B1 1BB","19800101","","","RO37","","","","","","","","1","","","","",""
"407","COVENTRY CITY COUNCIL","Y60","QWU","COUNCIL HOUSE","EARL STREET","","COVENTRY","","CV1 5RR","19800101","","","RO37","","","","","","","","1","","","","",""
"408","DUDLEY METROPOLITAN BOROUGH COUNCIL","Y60","QUA","THE COUNCIL HOUSE","PRIORY ROAD","","DUDLEY","","DY1 1HF","19800101","","","RO37","","","","","","","","1","","","","",""
"409","SANDWELL METROPOLITAN BOROUGH COUNCIL","Y60","QUA","SANDWELL COUNCIL HOUSE","FREETH STREET","","OLDBURY","","B69 3DE","19800101","","","RO37","","","","","","","","1","","","","",""
"410","SOLIHULL METROPOLITAN BOROUGH COUNCIL","Y60","QHL","COUNCIL HOUSE","MANOR SQUARE","","SOLIHULL","","B91 3QB","19800101","","","RO37","","","","","","","","1","","","","",""
"411","WALSALL METROPOLITAN BOROUGH COUNCIL","Y60","QUA","CIVIC CENTRE","","","WALSALL","","WS1 1TP","19800101","","","RO37","","","","","","","","1","","","","",""
"412","CITY OF WOLVERHAMPTON COUNCIL","Y60","QUA","CIVIC CENTRE","ST PETERS SQUARE","","WOLVERHAMPTON","","WV1 1SH","19800101","","","RO37","","","","","","","","1","","","","",""
"413","STAFFORDSHIRE COUNTY COUNCIL","Y60","QNC","1 STAFFORDSHIRE PLACE","","","STAFFORD","","ST16 2DH","19970401","","","RO33","","","","","","","","1","","","","",""
"414","STOKE-ON-TRENT CITY COUNCIL","Y60","QNC","CIVIC CENTRE","GLEBE STREET","","STOKE-ON-TRENT","","ST4 1HH","19970401","","","RO40","","","","","","","","1","","","","",""
"415","HEREFORDSHIRE COUNCIL","Y60","QGH","PLOUGH LANE","","","HEREFORD","","HR4 0LE","19980401","","","RO40","","","","","","","","1","","","","",""
"416","WORCESTERSHIRE COUNTY COUNCIL","Y60","QGH","COUNTY HALL","SPETCHLEY ROAD","","WORCESTER","","WR5 2NP","19980401","","","RO33","","","","","","","","1","","","","",""
"417","SHROPSHIRE COUNCIL","Y60","QOC","SHIREHALL","ABBEY FOREGATE","","SHREWSBURY","","SY2 6NG","19980401","","","RO40","","","","","","","","1","","","","",""
"418","TELFORD & WREKIN COUNCIL","Y60","QOC","ADDENBROOKE HOUSE","IRONMASTERS WAY","TOWN CENTRE","TELFORD","","TF3 4NT","19980401","","","RO40","","","","","","","","1","","","","",""
"503","LINCOLNSHIRE COUNTY COUNCIL","Y60","QJM","COUNTY OFFICES","NEWLAND","","LINCOLN","","LN1 1YL","19800101","","","RO33","","","","","","","","1","","","","",""
"504","NORTHAMPTONSHIRE COUNTY COUNCIL","Y60","QPM","THE GUILDHALL","ST GILES SQUARE","","NORTHAMPTON","","NN1 1DE","19800101","20210331","","RO33","","","","","","","","1","","","","",""
"506","DERBYSHIRE COUNTY COUNCIL","Y60","QJ2","COUNTY OFFICES","","","MATLOCK","","DE4 3AG","19970401","","","RO33","","","","","","","","1","","","","",""
"507","DERBY CITY COUNCIL","Y60","QJ2","COUNCIL HOUSE","CORPORATION STREET","","DERBY","","DE1 2FS","19970401","","","RO40","","","","","","","","1","","","","",""
"508","LEICESTERSHIRE COUNTY COUNCIL","Y60","QK1","COUNTY HALL","LEICESTER ROAD","GLENFIELD","LEICESTER","","LE3 8RA","19970401","","","RO33","","","","","","","","1","","","","",""
"509","LEICESTER CITY COUNCIL","Y60","QK1","CITY HALL","115 CHARLES STREET","","LEICESTER","","LE1 1FZ","19970401","","","RO40","","","","","","","","1","","","","",""
"510","RUTLAND COUNTY COUNCIL","Y60","QK1","CATMOSE HOUSE","CATMOS STREET","","OAKHAM","","LE15 6HP","19970401","","","RO40","","","","","","","","1","","","","",""
"511","NOTTINGHAMSHIRE COUNTY COUNCIL","Y60","QT1","COUNTY HALL","LOUGHBOROUGH ROAD","WEST BRIDGFORD","NOTTINGHAM","","NG2 7QP","19980401","","","RO33","","","","","","","","1","","","","",""
"512","NOTTINGHAM CITY COUNCIL","Y60","QT1","LOXLEY HOUSE","STATION STREET","","NOTTINGHAM","","NG2 3NG","19980401","","","RO40","","","","","","","","1","","","","",""
"606","HERTFORDSHIRE COUNTY COUNCIL","Y61","S1Y5D","FINANCE DEPARTMENT","COUNTY HALL","","HERTFORD","","SG13 8DQ","19800101","","","RO33","","","","","","","","1","","","","",""
"607","NORFOLK COUNTY COUNCIL","Y61","T6Y0W","COUNTY HALL","MARTINEAU LANE","","NORWICH","","NR1 2DH","19800101","","","RO33","","","","","","","","1","","","","",""
"608","OXFORDSHIRE COUNTY COUNCIL","Y59","S0E4D","COUNTY HALL","NEW ROAD","","OXFORD","","OX1 1ND","19800101","","","RO33","","","","","","","","1","","","","",""
"609","SUFFOLK COUNTY COUNCIL","Y61","T6Y0W","ENDEAVOUR HOUSE","RUSSELL ROAD","","IPSWICH","","IP1 2BX","19800101","","","RO33","","","","","","","","1","","","","",""
"611","LUTON BOROUGH COUNCIL","Y61","S1Y5D","TOWN HALL","GEORGE STREET","","LUTON","","LU1 2BQ","19970401","","","RO40","","","","","","","","1","","","","",""
"612","BUCKINGHAMSHIRE COUNTY COUNCIL","Y59","S0E4D","COUNTY HALL","WALTON STREET","","AYLESBURY","","HP20 1UA","19970401","20200331","","RO33","","","","","","","","1","","","","",""
"613","MILTON KEYNES COUNCIL","Y61","S1Y5D","CIVIC OFFICES","1 SAXON GATE EAST","","MILTON KEYNES","","MK9 3EJ","19970401","","","RO40","","","","","","","","1","","","","",""
"614","BRACKNELL FOREST COUNCIL","Y59","S0E4D","TIME SQUARE","MARKET STREET","","BRACKNELL","","RG12 1JD","19980401","","","RO40","","","","","","","","1","","","","",""
"615","WEST BERKSHIRE COUNCIL","Y59","S0E4D","COUNCIL OFFICES","MARKET STREET","","NEWBURY","","RG14 5LD","19980401","","","RO40","","","","","","","","1","","","","",""
"616","READING BOROUGH COUNCIL","Y59","S0E4D","CIVIC OFFICES","BRIDGE STREET","","READING","","RG1 2LU","19980401","","","RO40","","","","","","","","1","","","","",""
"617","SLOUGH BOROUGH COUNCIL","Y59","S0E4D","LANDMARK PLACE","HIGH STREET","","SLOUGH","","SL1 1JL","19980401","","","RO40","","","","","","","","1","","","","",""
"618","ROYAL BOROUGH OF WINDSOR AND MAIDENHEAD","Y59","S0E4D","TOWN HALL","ST IVES ROAD","","MAIDENHEAD","","SL6 1RF","19980401","","","RO40","","","","","","","","1","","","","",""
"619","WOKINGHAM BOROUGH COUNCIL","Y59","S0E4D","CIVIC OFFICES","SHUTE END","","WOKINGHAM","","RG40 1BN","19980401","","","RO40","","","","","","","","1","","","","",""
"620","ESSEX COUNTY COUNCIL","Y61","D7T5G","COUNTY HALL","MARKET RD","","CHELMSFORD","","CM1 1QH","19980401","","","RO33","","","","","","","","1","","","","",""
"621","SOUTHEND-ON-SEA CITY COUNCIL","Y61","D7T5G","CIVIC CENTRE","VICTORIA AVENUE","","SOUTHEND-ON-SEA","","SS2 6EN","19980401","","","RO40","","","","","","","","1","","","","",""
"622","THURROCK COUNCIL","Y61","D7T5G","CIVIC OFFICES","NEW ROAD","","GRAYS","","RM17 6SL","19980401","","","RO40","","","","","","","","1","","","","",""
"623","CAMBRIDGESHIRE COUNTY COUNCIL","Y61","S1Y5D","NEW SHIRE HALL","EMERY CRESCENT","ENTERPRISE CAMPUS","HUNTINGDON","","PE28 4YE","19980401","","","RO33","","","","","","","","1","","","","",""
"624","PETERBOROUGH CITY COUNCIL","Y61","S1Y5D","TOWN HALL","BRIDGE STREET","","PETERBOROUGH","","PE1 1HF","19980401","","","RO40","","","","","","","","1","","","","",""
"625","BEDFORD BOROUGH COUNCIL","Y61","S1Y5D","BOROUGH HALL","CAULDWELL STREET","","BEDFORD","","MK42 9AP","20040401","","","RO40","","","","","","","","1","","","","",""
"626","CENTRAL BEDFORDSHIRE COUNCIL","Y61","S1Y5D","PRIORY HOUSE","MONKS WALK","CHICKSANDS","SHEFFORD","","SG17 5TQ","20090401","","","RO40","","","","","","","","1","","","","",""
"702","LONDON BOROUGH OF CAMDEN","Y56","Z9B2Z","5 PANCRAS SQUARE","","","LONDON","","N1C 4AG","19800101","","","RO223","","","","","","","","1","","","","",""
"703","ROYAL BOROUGH OF GREENWICH","Y56","QKK","THE WOOLWICH CENTRE","35 WELLINGTON STREET","","LONDON","","SE18 6HQ","19800101","","","RO223","","","","","","","","1","","","","",""
"704","LONDON BOROUGH OF HACKNEY","Y56","QMF","HACKNEY SERVICE CENTRE","1 HILLMAN STREET","","LONDON","","E8 1DY","19800101","","","RO223","","","","","","","","1","","","","",""
"705","LONDON BOROUGH OF HAMMERSMITH & FULHAM","Y56","Z9B2Z","145 KING STREET","","","LONDON","","W6 9JT","19800101","","","RO223","","","","","","","","1","","","","",""
"706","LONDON BOROUGH OF ISLINGTON","Y56","Z9B2Z","222 UPPER STREET","","","LONDON","","N1 1XR","19800101","","","RO223","","","","","","","","1","","","","",""
"707","ROYAL BOROUGH OF KENSINGTON AND CHELSEA","Y56","Z9B2Z","TOWN HALL","HORNTON STREET","","LONDON","","W8 7NX","19800101","","","RO223","","","","","","","","1","","","","",""
"708","LONDON BOROUGH OF LAMBETH","Y56","QKK","CIVIC CENTRE","6 BRIXTON HILL","","LONDON","","SW2 1EG","19800101","","","RO223","","","","","","","","1","","","","",""
"709","LONDON BOROUGH OF LEWISHAM","Y56","QKK","TOWN HALL","CATFORD","","LONDON","","SE6 4RU","19800101","","","RO223","","","","","","","","1","","","","",""
"710","LONDON BOROUGH OF SOUTHWARK","Y56","QKK","160 TOOLEY STREET","","","LONDON","","SE1 2QH","19800101","","","RO223","","","","","","","","1","","","","",""
"711","LONDON BOROUGH OF TOWER HAMLETS","Y56","QMF","TOWN HALL","MULBERRY PLACE","5 CLOVE CRESCENT","LONDON","","E14 2BG","19800101","","","RO223","","","","","","","","1","","","","",""
"712","LONDON BOROUGH OF WANDSWORTH","Y56","QWE","TOWN HALL","WANDSWORTH HIGH STREET","","LONDON","","SW18 2PU","19800101","","","RO223","","","","","","","","1","","","","",""
"713","CITY OF WESTMINSTER","Y56","Z9B2Z","WESTMINSTER CITY HALL","64 VICTORIA STREET","","LONDON","","SW1E 6QP","19800101","","","RO223","","","","","","","","1","","","","",""
"714","CITY OF LONDON CORPORATION","Y56","Z9B2Z","PO BOX 270","GUILDHALL","","LONDON","","EC2P 2EJ","19800101","","","RO223","","","","","","","","1","","","","",""
"716","LONDON BOROUGH OF BARKING AND DAGENHAM","Y56","QMF","TOWN HALL","1 TOWN SQUARE","","BARKING","","IG11 7LU","19800101","","","RO223","","","","","","","","1","","","","",""
"717","LONDON BOROUGH OF BARNET","Y56","Z9B2Z","2 BRISTOL AVENUE","","","LONDON","","NW9 4EW","19800101","","","RO223","","","","","","","","1","","","","",""
"718","LONDON BOROUGH OF BEXLEY","Y56","QKK","CIVIC OFFICES","2 WATLING STREET","","BEXLEYHEATH","","DA6 7AT","19800101","","","RO223","","","","","","","","1","","","","",""
"719","LONDON BOROUGH OF BRENT","Y56","Z9B2Z","BRENT CIVIC CENTRE","ENGINEERS WAY","","WEMBLEY","","HA9 0FJ","19800101","","","RO223","","","","","","","","1","","","","",""
"720","LONDON BOROUGH OF BROMLEY","Y56","QKK","BROMLEY CIVIC CENTRE","STOCKWELL CLOSE","","BROMLEY","","BR1 3UH","19800101","","","RO223","","","","","","","","1","","","","",""
"721","LONDON BOROUGH OF CROYDON","Y56","QWE","BERNARD WEATHERILL HOUSE","8 MINT WALK","","CROYDON","","CR0 1EA","19800101","","","RO223","","","","","","","","1","","","","",""
"722","LONDON BOROUGH OF EALING","Y56","Z9B2Z","PERCEVAL HOUSE","14-16 UXBRIDGE ROAD","EALING","LONDON","","W5 2HL","19800101","","","RO223","","","","","","","","1","","","","",""
"723","LONDON BOROUGH OF ENFIELD","Y56","Z9B2Z","CIVIC CENTRE","SILVER STREET","","ENFIELD","","EN1 3ES","19800101","","","RO223","","","","","","","","1","","","","",""
"724","LONDON BOROUGH OF HARINGEY","Y56","Z9B2Z","CIVIC CENTRE","HIGH ROAD","WOOD GREEN","LONDON","","N22 9SA","19800101","","","RO223","","","","","","","","1","","","","",""
"725","LONDON BOROUGH OF HARROW","Y56","Z9B2Z","CIVIC CENTRE","STATION ROAD","","HARROW","","HA1 2XY","19800101","","","RO223","","","","","","","","1","","","","",""
"726","LONDON BOROUGH OF HAVERING","Y56","QMF","TOWN HALL","MAIN ROAD","","ROMFORD","","RM1 3BD","19800101","","","RO223","","","","","","","","1","","","","",""
"727","LONDON BOROUGH OF HILLINGDON","Y56","Z9B2Z","CIVIC CENTRE","HIGH STREET","","UXBRIDGE","","UB8 1UW","19800101","","","RO223","","","","","","","","1","","","","",""
"728","LONDON BOROUGH OF HOUNSLOW","Y56","Z9B2Z","HOUNSLOW HOUSE","7 BATH ROAD","","HOUNSLOW","","TW3 3EB","19800101","","","RO223","","","","","","","","1","","","","",""
"729","ROYAL BOROUGH OF KINGSTON UPON THAMES","Y56","QWE","GUILDHALL","2 HIGH STREET","","KINGSTON UPON THAMES","","KT1 1EU","19800101","","","RO223","","","","","","","","1","","","","",""
"730","LONDON BOROUGH OF MERTON","Y56","QWE","MERTON CIVIC CENTRE","LONDON ROAD","","MORDEN","","SM4 5DX","19800101","","","RO223","","","","","","","","1","","","","",""
"731","LONDON BOROUGH OF NEWHAM","Y56","QMF","NEWHAM DOCKSIDE","1000 DOCKSIDE ROAD","","LONDON","","E16 2QU","19800101","","","RO223","","","","","","","","1","","","","",""
"732","LONDON BOROUGH OF REDBRIDGE","Y56","QMF","LYNTON HOUSE","255-259 HIGH ROAD","","ILFORD","","IG1 1NY","19800101","","","RO223","","","","","","","","1","","","","",""
"733","LONDON BOROUGH OF RICHMOND UPON THAMES","Y56","QWE","CIVIC CENTRE","44 YORK STREET","","TWICKENHAM","","TW1 3BZ","19800101","","","RO223","","","","","","","","1","","","","",""
"734","LONDON BOROUGH OF SUTTON","Y56","QWE","CIVIC OFFICES","ST NICHOLAS WAY","","SUTTON","","SM1 1EA","19800101","","","RO223","","","","","","","","1","","","","",""
"735","LONDON BOROUGH OF WALTHAM FOREST","Y56","QMF","WALTHAM FOREST TOWN HALL","FOREST ROAD","","LONDON","","E17 4JF","19800101","","","RO223","","","","","","","","1","","","","",""
"738","BCP COUNCIL","Y58","QVV","TOWN HALL","BOURNE AVENUE","","BOURNEMOUTH","","BH2 6DY","20190401","","","RO40","","","","","","","","1","","","","",""
"739","SOMERSET WEST AND TAUNTON COUNCIL","Y58","QSL","THE DEANE HOUSE","BELVEDERE ROAD","","TAUNTON","","TA1 1HE","20190401","20230331","","RO36","","","","","","","","1","","","","",""
"740","EAST SUFFOLK COUNCIL","Y61","T6Y0W","EAST SUFFOLK HOUSE","RIDUNA PARK","STATION ROAD","WOODBRIDGE","","IP12 1RT","20190401","","","RO36","","","","","","","","1","","","","",""
"741","WEST SUFFOLK COUNCIL","Y61","T6Y0W","WEST SUFFOLK HOUSE","WESTERN WAY","","BURY ST. EDMUNDS","","IP33 3YU","20190401","","","RO36","","","","","","","","1","","","","",""
"803","ISLE OF WIGHT COUNCIL","Y59","QRL","COUNTY HALL","HIGH STREET","","NEWPORT","","PO30 1UD","19800101","","","RO40","","","","","","","","1","","","","",""
"805","SURREY COUNTY COUNCIL","Y59","S9B9J","WOODHATCH PLACE","11 COCKSHOT HILL","","REIGATE","","RH2 8EF","19800101","","","RO33","","","","","","","","1","","","","",""
"807","WEST SUSSEX COUNTY COUNCIL","Y59","S9B9J","COUNTY HALL","WEST STREET","","CHICHESTER","","PO19 1RQ","19800101","","","RO33","","","","","","","","1","","","","",""
"809","DORSET COUNCIL","Y58","QVV","COUNTY HALL","COLLITON PARK","","DORCHESTER","","DT1 1XJ","19970401","","","RO40","","","","","","","","1","","","","",""
"810","BOURNEMOUTH BOROUGH COUNCIL","Y58","QVV","TOWN HALL","BOURNE AVENUE","","BOURNEMOUTH","","BH2 6DY","19970401","20190331","","RO40","","","","","","","","1","","","","",""
"811","BOROUGH OF POOLE","Y58","QVV","MUNICIPAL BUILDINGS","CIVIC CENTRE","","POOLE","","BH15 2RU","19970401","20190331","","RO40","","","","","","","","1","","","","",""
"812","HAMPSHIRE COUNTY COUNCIL","Y59","QRL","THE CASTLE","CASTLE AVENUE","","WINCHESTER","","SO23 8UJ","19970401","","","RO33","","","","","","","","1","","","","",""
"813","PORTSMOUTH CITY COUNCIL","Y59","QRL","CIVIC OFFICES","GUILDHALL SQUARE","","PORTSMOUTH","","PO1 2GB","19970401","","","RO40","","","","","","","","1","","","","",""
"814","SOUTHAMPTON CITY COUNCIL","Y59","QRL","CIVIC CENTRE","","","SOUTHAMPTON","","SO14 7LY","19970401","","","RO40","","","","","","","","1","","","","",""
"815","EAST SUSSEX COUNTY COUNCIL","Y59","S9B9J","COUNTY HALL","ST. ANNES CRESCENT","","LEWES","","BN7 1UE","19970401","","","RO33","","","","","","","","1","","","","",""
"816","BRIGHTON AND HOVE CITY COUNCIL","Y59","S9B9J","2ND FLOOR, BARTHOLOMEW HOUSE","BARTHOLOMEW SQUARE","","BRIGHTON","","BN1 1JE","19970401","","","RO40","","","","","","","","1","","","","",""
"817","WILTSHIRE COUNCIL","Y58","QOX","COUNTY HALL","BYTHESEA ROAD","","TROWBRIDGE","","BA14 8JN","19970401","","","RO40","","","","","","","","1","","","","",""
"819","SWINDON BOROUGH COUNCIL","Y58","QOX","CIVIC OFFICES","EUCLID STREET","","SWINDON","","SN1 2JH","19970401","","","RO40","","","","","","","","1","","","","",""
"820","KENT COUNTY COUNCIL","Y59","QKS","COUNTY HALL","COUNTY ROAD","","MAIDSTONE","","ME14 1XQ","19980401","","","RO33","","","","","","","","1","","","","",""
"821","MEDWAY COUNCIL","Y59","QKS","GUN WHARF","DOCK ROAD","","CHATHAM","","ME4 4TR","19980401","","","RO40","","","","","","","","1","","","","",""
"902","CORNWALL COUNCIL","Y58","QT6","COUNTY HALL","TREYEW ROAD","","TRURO","","TR1 3AY","19800101","","","RO40","","","","","","","","1","","","","",""
"904","GLOUCESTERSHIRE COUNTY COUNCIL","Y58","QR1","SHIRE HALL","WESTGATE STREET","","GLOUCESTER","","GL1 2TG","19800101","","","RO33","","","","","","","","1","","","","",""
"905","SOMERSET COUNCIL","Y58","QSL","COUNTY HALL","THE CRESCENT","","TAUNTON","","TA1 4DY","19800101","","","RO40","","","","","","","","1","","","","",""
"906","COUNCIL OF THE ISLES OF SCILLY","Y58","QT6","TOWN HALL","","","ST MARY'S","","TR21 0LW","19800101","","","RO40","","","","","","","","1","","","","",""
"908","BATH AND NORTH EAST SOMERSET COUNCIL","Y58","QOX","GUILDHALL","HIGH STREET","","BATH","","BA1 5AW","19960401","","","RO40","","","","","","","","1","","","","",""
"909","BRISTOL CITY COUNCIL","Y58","QUY","CITY HALL","COLLEGE GREEN","","BRISTOL","","BS1 5TR","19960401","","","RO40","","","","","","","","1","","","","",""
"910","NORTH SOMERSET COUNCIL","Y58","QUY","TOWN HALL","WALLISCOTE GROVE ROAD","","WESTON-SUPER-MARE","","BS23 1UJ","19960401","","","RO40","","","","","","","","1","","","","",""
"911","SOUTH GLOUCESTERSHIRE COUNCIL","Y58","QUY","COUNCIL OFFICES","BADMINTON ROAD","YATE","BRISTOL","","BS37 5AF","19960401","","","RO40","","","","","","","","1","","","","",""
"912","DEVON COUNTY COUNCIL","Y58","QJK","COUNTY HALL","TOPSHAM ROAD","","EXETER","","EX2 4QD","19980401","","","RO33","","","","","","","","1","","","","",""
"913","PLYMOUTH CITY COUNCIL","Y58","QJK","BALLARD HOUSE","26 WEST HOE ROAD","","PLYMOUTH","","PL1 3BJ","19980401","","","RO40","","","","","","","","1","","","","",""
"914","TORBAY COUNCIL","Y58","QJK","TOWN HALL","CASTLE CIRCUS","","TORQUAY","","TQ1 3DR","19980401","","","RO40","","","","","","","","1","","","","",""
"915","GREATER MANCHESTER COMBINED AUTHORITY","Y62","QOP","CHURCHGATE HOUSE","56 OXFORD STREET","","MANCHESTER","","M1 6EU","20191001","","","RO273","","","","","","","","1","","","","",""
"916","BUCKINGHAMSHIRE COUNCIL","Y59","S0E4D","THE GATEWAY","GATEHOUSE ROAD","","AYLESBURY","","HP19 8FF","20200401","","","RO40","","","","","","","","1","","","","",""
"H6X4G","CUMBERLAND COUNCIL","Y63","QHM","CUMBRIA HOUSE","117 BOTCHERGATE","","CARLISLE","","CA1 1RD","20230401","","","RO40","","","","","","","","1","","","","",""
"T8X3V","WEST YORKSHIRE COMBINED AUTHORITY","Y63","QWO","WELLINGTON HOUSE","40-50 WELLINGTON STREET","","LEEDS","","LS1 2DE","20241121","","","RO273","","","","","","","","1","","","","",""
"U6Q5Z","WEST NORTHAMPTONSHIRE COUNCIL","Y60","QPM","ANGEL STREET","","","NORTHAMPTON","","NN1 1ED","20210401","","","RO40","","","","","","","","1","","","","",""
"W8X1Q","WESTMORLAND AND FURNESS COUNCIL","Y62","QE1","SOUTH LAKELAND HOUSE","LOWTHER STREET","","KENDAL","","LA9 4UG","20230401","","","RO40","","","","","","","","1","","","","",""
"Z9D4Z","NORTH NORTHAMPTONSHIRE COUNCIL","Y60","QPM","41 MEADOW ROAD","","","KETTERING","","NN16 8TL","20210401","","","RO40","","","","","","","","1","","","","",""
