"102AA","CUMBRIA COUNTY COUNCIL HQ","Y63","QHM","THE COURTS","ENGLISH STREET","","CARLISLE","","CA3 8NA","20161001","20230331","","","102","","","","","","","1","","","","",""
"102AC","CUMBRIA COUNTY COUNCIL DATA CENTRE","Y63","QHM","CUMBRIA HOUSE","113 -117 BOTCHERGATE","","CARLISLE","","CA1 1RZ","20161001","20230331","","","102","","","","","","","1","","","","",""
"102AD","CUMBRIA FIRE & RESCUE SERVICE HEADQUARTERS","Y63","QHM","CARLETON AVENUE","","","PENRITH","","CA10 2FA","20161001","20230331","","","102","","","","","","","1","","","","",""
"105AA","ADUR WELLBEING","Y59","S9B9J","PORTLAND HOUSE","44 RICHMOND ROAD","","WORTHING","","BN11 1HS","20161001","","","","105","","","","","","","1","","","","",""
"106AA","CIVIC CENTRE","Y63","QHM","REGENT STREET","","","GATESHEAD","","NE8 1HH","20190401","","","","106","","","","","","","1","","","","",""
"106AC","NORTHERN DESIGN CENTRE","Y63","QHM","BALTIC BUSINESS QUARTERS","ABBOTT'S HILL","","GATESHEAD","","NE8 3DF","20191001","","","","106","","","","","","","1","","","","",""
"108AA","NORTH TYNESIDE SOCIAL SERVICES DIRECTORATE","Y63","QHM","16 THE SILVERLINK NORTH","","","NEWCASTLE UPON TYNE","","NE27 0BY","20130401","","","","108","","","","","","","1","","","","",""
"109AA","SOUTH TYNESIDE COUNCIL (ROLLING MILL ROAD)","Y63","QHM","ROLLING MILL ROAD","","","JARROW","","NE32 3DP","20181001","20260430","","","109","","","","","","","1","","","","",""
"112AA","RESOLUTION HOUSE","Y63","QHM","CARGO FLEET LANE","CARGO FLEET","","MIDDLESBROUGH","","TS3 8AL","20181001","","","","112","","","","","","","1","","","","",""
"113AC","TEES VALLEY PUBLIC HEALTH SHARED SERVICES","Y63","QHM","1ST FLOOR, REDHEUGH HOUSE","THORNABY PLACE","THORNABY","STOCKTON-ON-TEES","","TS17 6SG","20140401","","","","113","","","","","","","1","","","","",""
"116AA","COMELEON HOUSE","Y63","QHM","TANFIELD LEA INDUSTRIAL ESTATE","TANFIELD LEA","","STANLEY","","DH9 9NX","20161001","","","","116","","","","","","","1","","","","",""
"116AC","COUNCIL OFFICES","Y63","QHM","GREEN LANE","","","SPENNYMOOR","","DL16 6JQ","20161001","","","","116","","","","","","","1","","","","",""
"116AD","DURHAM COUNTY COUNCIL PUBLIC HEALTH","Y63","QHM","DURHAM COUNTY COUNCIL","COUNTY HALL","","DURHAM","","DH1 5UG","20140401","","","","116","","","","","","","1","","","","",""
"117PH","PUBLIC HEALTH","Y63","QHM","DARLINGTON BOROUGH COUNCIL","TOWN HALL","FEETHAMS","DARLINGTON","","DL1 5QT","20141001","","","","117","","","","","","","1","","","","",""
"119AA","ARUN WELLBEING","Y59","S9B9J","ARUN CIVIC CENTRE","1 MALTRAVERS ROAD","","LITTLEHAMPTON","","BN17 5LF","20161001","","","","119","","","","","","","1","","","","",""
"155AA","CHICHESTER WELLBEING","Y59","S9B9J","WESTGATE LEISURE CENTRE","VIA RAVENNA","","CHICHESTER","","PO19 1RJ","20161001","","","","155","","","","","","","1","","","","",""
"166AA","CRAWLEY WELLBEING","Y59","S9B9J","K2 CRAWLEY","PEASE POTTAGE HILL","","CRAWLEY","","RH11 9BQ","20161001","","","","166","","","","","","","1","","","","",""
"204AA","BARNSLEY METROPOLITAN BOROUGH COUNCIL PUBLIC HEALTH","Y63","QF7","TOWN HALL","CHURCH STREET","","BARNSLEY","","S70 2TA","20131001","","","","204","","","","","","","1","","","","",""
"205AA","CIVIC OFFICE","Y63","QF7","DONCASTER COUNCIL","CIVIC OFFICE","WATERDALE","DONCASTER","","DN1 3BU","20181001","","","","205","","","","","","","1","","","","",""
"205AC","COLONNADES","Y63","QF7","DONCASTER COUNCIL","THE COLONNADES","DUKE STREET","DONCASTER","","DN1 1ER","20181001","","","","205","","","","","","","1","","","","",""
"206AA","AUTISM INFORMATION AND ADVICE SERVICE","Y63","QF7","KIMBERWORTH PLACE","KIMBERWORTH ROAD","","ROTHERHAM","","S61 1HE","20191001","","","","206","","","","","","","1","","","","",""
"206AC","ROTHERHAM METROPOLITAN BOROUGH COUNCIL","Y63","QF7","RIVERSIDE HOUSE","MAIN STREET","","ROTHERHAM","","S60 1AE","20131001","","","","206","","","","","","","1","","","","",""
"209AA","PUBLIC HEALTH - CITY OF BRADFORD METROPOLITAN DISTRICT COUNCIL","Y63","QWO","BRITANNIA HOUSE (5TH FLOOR)","BROADWAY","","BRADFORD","","BD1 1HX","20160401","","","","209","","","","","","","1","","","","",""
"211AA","KIRKLEES COUNCIL HQ","Y63","QWO","CIVIC CENTRE","3 MARKET STREET","","HUDDERSFIELD","","HD1 2EH","20160401","","","","211","","","","","","","1","","","","",""
"211AC","KIRKLEES COUNCIL- PUBLIC HEALTH","Y63","QWO","39 OLD LEEDS ROAD","","","HUDDERSFIELD","","HD1 1SR","20160401","","","","211","","","","","","","1","","","","",""
"212AA","LEEDS CITY COUNCIL CHILD SERVICES","Y63","QWO","110 MERRION WAY, MERRION HOUSE","6TH FLOOR EAST","CHILDREN'S SERVICES ICT","LEEDS","","LS2 8BB","20130401","","","","212","","","","","","","1","","","","",""
"212AC","LEEDS CITY COUNCIL ADULTS AND HEALTH","Y63","QWO","MERRION HOUSE","MERRION WAY","","LEEDS","","LS2 8BB","20190401","","","","212","","","","","","","1","","","","",""
"212AD","LEEDS CITY COUNCIL APEX DATACENTRE","Y63","QWO","8 APEX WAY","","","LEEDS","","LS11 5LT","20191001","","","","212","","","","","","","1","","","","",""
"213AA","WAKEFIELD SOCIAL SERVICES DIRECTORATE","Y63","QWO","COUNTY HALL","BOND STREET","","WAKEFIELD","","WF1 2QL","20130401","","","","213","","","","","","","1","","","","",""
"213AC","WAKEFIELD DISTRICT SAFEGUARDING CHILDREN'S BOARD","Y63","QWO","ROOM 59, GROUND FLOOR","COUNTY HALL","BOND STREET","WAKEFIELD","","WF1 2QW","20181001","","","","213","","","","","","","1","","","","",""
"213AD","WAKEFIELD L&D","Y63","QWO","TOWN HALL","HIGH STREET","","NORMANTON","","WF6 2DZ","20190401","","","","213","","","","","","","1","","","","",""
"213AE","CALDERDALE L&D","Y63","QWO","RICHMOND CLOSE","","","HALIFAX","","HX1 5TW","20190401","","","","213","","","","","","","1","","","","",""
"213AF","KIRKLEES L&D","Y63","QWO","CASTLEGATE","","","HUDDERSFIELD","","HD1 2NJ","20190401","","","","213","","","","","","","1","","","","",""
"213AG","LEEDS L&D","Y63","QWO","ELLAND ROAD","","","LEEDS","","LS11 8BU","20190401","","","","213","","","","","","","1","","","","",""
"213AH","BRADFORD L&D","Y63","QWO","NELSON STREET","","","BRADFORD","","BD5 0DX","20190401","","","","213","","","","","","","1","","","","",""
"214AA","COUNTY HALL","Y63","QOQ","CROSS STREET","","","BEVERLEY","","HU17 9BA","20180401","","","","214","","","","","","","1","","","","",""
"215AA","YPS SSM SERVICE (REFRESH)","Y63","QOQ","KENWORTHY HOUSE","98-104 GEORGE STREET","","HULL","","HU1 3DT","20151001","","","","215","","","","","","","1","","","","",""
"216AA","NORTH EAST LINCOLNSHIRE COUNCIL HR TEAM","Y63","QOQ","MUNICIPAL OFFICES","TOWN HALL SQUARE","","GRIMSBY","","DN31 1HU","20131001","","","","216","","","","","","","1","","","","",""
"216AC","PUBLIC HEALTH TEAM","Y63","QOQ","NORTH EAST LINCOLNSHIRE COUNCIL","WILLIAM MOLSON CENTRE","KENT STREET","GRIMSBY","","DN32 7DJ","20150401","","","","216","","","","","","","1","","","","",""
"216AD","CHILDRENS HEALTH PROVISION","Y63","QOQ","NORTH EAST LINCOLNSHIRE COUNCIL","WILLIAM MOLSON CENTRE","KENT STREET","GRIMSBY","","DN32 7DJ","20150401","","","","216","","","","","","","1","","","","",""
"219AA","YORK CITY COUNCIL - WEST OFFICES","Y63","QOQ","WEST OFFICES","STATION RISE","","YORK","","YO1 6GA","20161001","","","","219","","","","","","","1","","","","",""
"219AC","YORK COUNCIL PUBLIC HEALTH","Y63","QOQ","STATION RISE","","","YORK","","YO1 6GA","20161001","","","","219","","","","","","","1","","","","",""
"231AA","HORSHAM WELLBEING","Y59","S9B9J","PARKSIDE","CHART WAY","","HORSHAM","","RH12 1RL","20161001","","","","231","","","","","","","1","","","","",""
"250AA","MID SUSSEX WELLBEING","Y59","S9B9J","OAKLANDS","OAKLANDS ROAD","","HAYWARDS HEATH","","RH16 1SS","20161001","","","","250","","","","","","","1","","","","",""
"306AA","MCC DC1 (MANOC 6)","Y62","QOP","UNIT 4","BLACKMORE ROAD","STRETFORD","MANCHESTER","","M32 0QY","20191001","","","","306","","","","","","","1","","","","",""
"306AC","MCC DC2 (MANOC 9)","Y62","QOP","BIRLEY FIELDS","","","MANCHESTER","","M15 5QJ","20191001","","","","306","","","","","","","1","","","","",""
"307AA","UNITY ICT DATA CENTRE","Y62","QOP","LEVEL 2","CIVIC CENTRE","WEST STREET","OLDHAM","","OL1 1UT","20160401","","","","307","","","","","","","1","","","","",""
"313AA","WIGAN SOCIAL SERVICES DIRECTORATE","Y62","QOP","TOWN HALL","LIBRARY STREET","","WIGAN","","WN1 1YN","20130401","","","","313","","","","","","","1","","","","",""
"315CP","INFORMATION TECHNOLOGIES SERVICE","Y62","QYG","KNOWSLEY METROPOLITAN COUNCIL","COMPUTER CENTRE","WESTMORLAND ROAD","LIVERPOOL","","L36 9GL","20151001","","","","315","","","","","","","1","","","","",""
"316AA","PUBLIC HEALTH LIVERPOOL CITY COUNCIL","Y62","QYG","LIVERPOOL CITY COUNCIL","PREMIER COURT","26 HATTON GARDEN","LIVERPOOL","","L3 2AA","20151001","","","","316","","","","","","","1","","","","",""
"319AA","WIRRAL METROPOLITAN BOROUGH COUNCIL - PUBLIC HEALTH","Y62","QYG","TREASURY BUILDING","CLEVELAND STREET","","BIRKENHEAD","","CH41 6BU","20141001","","","","319","","","","","","","1","","","","",""
"319CH","RIVERSIDE","Y62","QYG","SUITE 1 MARWOOD, RIVERSIDE PARK","1 SOUTHWOOD ROAD","BROMBOROUGH","WIRRAL","","CH62 3QX","20150401","","","","319","","","","","","","1","","","","",""
"322AA","PUBLIC HEALTH DEPARTMENT","Y62","QYG","FAMILIES & WELLBEING DIRECTORATE","WARRINGTON BOROUGH COUNCIL","FIRST FLOOR NEW TOWN HOUSE","WARRINGTON","","WA1 2NH","20140401","20251231","","","322","","","","","","","1","","","","",""
"323AA","LANCASHIRE SOCIAL SERVICES DIRECTORATE","Y62","QE1","PO BOX 78","","","PRESTON","","PR1 8XJ","20130401","","","","323","","","","","","","1","","","","",""
"323AC","LANCASHIRE SAFEGUARDING CHILDREN BOARD","Y62","QE1","ROOM 503-504","EAST CLIFF COUNTY OFFICES","EAST CLIFF JDO","PRESTON","","PR1 3JT","20141001","","","","323","","","","","","","1","","","","",""
"326AA","KELLY HOUSE","","","MINERVA AVENUE","CHESTER WEST EMPLOYMENT PARK","","CHESTER","","CH1 4QL","20181001","","","","326","","","","","","","1","","","","",""
"376AA","WORTHING WELLBEING","Y59","S9B9J","PORTLAND HOUSE","44 RICHMOND ROAD","","WORTHING","","BN11 1HS","20161001","","","","376","","","","","","","1","","","","",""
"406AA","BIRMINGHAM CITY COUNCIL PUBLIC HEALTH","Y60","QHL","10 WOODCOCK STREET","ASTON","","BIRMINGHAM","","B7 4BL","20131001","","","","406","","","","","","","1","","","","",""
"406AC","LANCASTER CIRCUS","Y60","QHL","1 LANCASTER CIRCUS QUEENSWAY","","","BIRMINGHAM","","B4 7DJ","20191001","20260531","","","406","","","","","","","1","","","","",""
"406AD","COUNCIL HOUSE EXTENSION","Y60","QHL","COUNCIL HOUSE EXT","6 MARGARET STREET","","BIRMINGHAM","","B3 3BG","20191001","","","","406","","","","","","","1","","","","",""
"408AA","EDNAM ROAD DATA CENTRE","Y60","QUA","4 EDNAM ROAD","","","DUDLEY","","DY1 1HL","20180401","","","","408","","","","","","","1","","","","",""
"408AC","ST JAMES ROAD DATA CENTRE","Y60","QUA","5 ST. JAMES'S ROAD","","","DUDLEY","","DY1 1HZ","20180401","","","","408","","","","","","","1","","","","",""
"411AA","WALSALL SOCIAL SERVICES DIRECTORATE","Y60","QUA","WALSALL MET BOROUGH COUNCIL","CIVIC CENTRE","","WALSALL","","WS1 1TP","20130401","","","","411","","","","","","","1","","","","",""
"413AA","STAFFORDSHIRE COUNTY COUNCIL - PUBLIC HEALTH TEAM","Y60","QNC","1 STAFFORDSHIRE PLACE","","","STAFFORD","","ST16 2DH","20150401","","","","413","","","","","","","1","","","","",""
"413AC","STAFFORDSHIRE COUNTY COUNCIL - EASTGATE STREET DATA CENTRE","Y60","QNC","17 EASTGATE STREET","","","STAFFORD","","ST16 2LZ","20190401","","","","413","","","","","","","1","","","","",""
"415AA","HILLSIDE INTERMEDIATE CARE CENTRE","Y60","QGH","9 PENTWYN AVENUE","","","HEREFORD","","HR2 7LB","20200401","","","","415","","","","","","","1","","","","",""
"416AA","WORCESTERSHIRE COUNTY COUNCIL PUBLIC HEALTH TEAM","Y60","QGH","COUNTY HALL","SPETCHLEY ROAD","","WORCESTER","","WR5 2NP","20141001","","","","416","","","","","","","1","","","","",""
"416AC","WORCESTERSHIRE COUNTY COUNCIL - WILDWOOD","Y60","QGH","WILDWOOD","WILDWOOD DRIVE","","WORCESTER","","WR5 2QT","20191001","","","","416","","","","","","","1","","","","",""
"418AA","DARBY HOUSE","Y60","QOC","LAWN CENTRAL","TOWN CENTRE","","TELFORD","","TF3 4JA","20160401","","","","418","","","","","","","1","","","","",""
"503AA","SEXUAL HEALTH CLINIC","Y60","QJM","BOSTON HEALTH CLINIC","LINCOLN LANE","","BOSTON","","PE21 8RU","20180401","","","","503","","","","","","","1","","","","",""
"503AC","UNIVERSITY HEALTH CARE","Y60","QJM","COURT","4 CAMPUS WAY","","LINCOLN","","LN6 7FY","20180401","","","","503","","","","","","","1","","","","",""
"503AD","RIVERSDALE HEALTH CLINIC","Y60","QJM","21 WESTGATE","","","SLEAFORD","","NG34 7PJ","20180401","","","","503","","","","","","","1","","","","",""
"503AE","BOSTON HEALTH CLINIC","Y60","QJM","LINCOLN LANE","","","BOSTON","","PE21 8RU","20180401","","","","503","","","","","","","1","","","","",""
"503AF","LINDON HOUSE","Y60","QJM","134 DIXON STREET","","","LINCOLN","","LN6 7TU","20180401","","","","503","","","","","","","1","","","","",""
"503AG","HOLBEACH HEALTH CLINIC","Y60","QJM","PARK ROAD","HOLBEACH","","SPALDING","","PE12 7EE","20180401","","","","503","","","","","","","1","","","","",""
"503AH","HORNCASTLE HEALTH CENTRE","Y60","QJM","MANOR HOUSE STREET","","","HORNCASTLE","","LN9 5HF","20180401","","","","503","","","","","","","1","","","","",""
"503AJ","SKEGNESS HOSPITAL","Y60","QJM","DOROTHY AVENUE","","","SKEGNESS","","PE25 2BS","20180401","","","","503","","","","","","","1","","","","",""
"503AK","GRANTHAM & DISTRICT HOSPITAL","Y60","QJM","101 MANTHORPE ROAD","","","GRANTHAM","","NG31 8DG","20180401","","","","503","","","","","","","1","","","","",""
"503AL","GAINSBOROUGH HEALTH CLINIC","Y60","QJM","HICKMAN STREET","","","GAINSBOROUGH","","DN21 2DZ","20180401","","","","503","","","","","","","1","","","","",""
"503AM","NEWLAND INTEGRATED CLINIC","Y60","QJM","NEWLAND HEALTH CENTRE","34 NEWLAND","","LINCOLN","","LN1 1XP","20180401","","","","503","","","","","","","1","","","","",""
"503AN","THE JOHNSON COMMUNITY HOSPITAL","Y60","QJM","SPALDING ROAD","PINCHBECK","","SPALDING","","PE11 3DT","20180401","","","","503","","","","","","","1","","","","",""
"503AP","JOHN COUPLAND COMMUNITY HOSPITAL","Y60","QJM","ROPERY ROAD","","","GAINSBOROUGH","","DN21 2TJ","20180401","","","","503","","","","","","","1","","","","",""
"503AQ","LOUTH COMMUNITY HOSPITAL","Y60","QJM","HIGH HOLME ROAD","","","LOUTH","","LN11 0EU","20180401","","","","503","","","","","","","1","","","","",""
"503AR","BOSTON ENTERPRISE CENTRE","Y60","QJM","VENTURE HOUSE","ENTERPRISE WAY","WYBERTON FEN","BOSTON","","PE21 7TW","20180401","","","","503","","","","","","","1","","","","",""
"503AT","MARISCO MEDICAL PRACTICE","Y60","QJM","STANLEY AVENUE","","","MABLETHORPE","","LN12 1DP","20180401","","","","503","","","","","","","1","","","","",""
"503AV","MARKET RASEN CLINIC","Y60","QJM","MILL ROAD","","","MARKET RASEN","","LN8 3BP","20180401","","","","503","","","","","","","1","","","","",""
"503AW","WADDINGTON CHILDREN CENTRE","Y60","QJM","REDWOOD DRIVE","WADDINGTON","","LINCOLN","","LN5 9BN","20180401","","","","503","","","","","","","1","","","","",""
"503AX","WASHINGBOROUGH CHILDREN CENTRE","Y60","QJM","SCHOOL LANE","WASHINGBOROUGH","","LINCOLN","","LN4 1BW","20180401","","","","503","","","","","","","1","","","","",""
"503AY","NORTH HYKEHAM DENTAL CLINIC","Y60","QJM","MOOR LANE","NORTH HYKEHAM","","LINCOLN","","LN6 9BA","20180401","","","","503","","","","","","","1","","","","",""
"503CA","BINBROOK SURGERY","Y60","QJM","BACK LANE","BINBROOK","","MARKET RASEN","","LN8 6ED","20180401","","","","503","","","","","","","1","","","","",""
"503CC","WELTON FAMILY HEALTH CENTRE","Y60","QJM","4 CLIFF ROAD","WELTON","","LINCOLN","","LN2 3JH","20180401","","","","503","","","","","","","1","","","","",""
"503CD","INGHAM MEDICAL PRACTICE","Y60","QJM","LINCOLN ROAD","INGHAM","","LINCOLN","","LN1 2XF","20180401","","","","503","","","","","","","1","","","","",""
"503CE","LINDUM MEDICAL PRACTICE","Y60","QJM","1 CABOURNE COURT","","","LINCOLN","","LN2 2JP","20180401","","","","503","","","","","","","1","","","","",""
"503CF","NEW SPRINGWELLS PRACTICE","Y60","QJM","SPRING WELLS","BILLINGBOROUGH","","SLEAFORD","","NG34 0QQ","20180401","","","","503","","","","","","","1","","","","",""
"503CG","MARKET CROSS SURGERY","Y60","QJM","BOURNE ROAD","CORBY GLEN","","GRANTHAM","","NG33 4BB","20180401","","","","503","","","","","","","1","","","","",""
"503CH","ST JOHNS MEDICAL CENTRE","Y60","QJM","62 LONDON ROAD","","","GRANTHAM","","NG31 6HR","20180401","","","","503","","","","","","","1","","","","",""
"503CJ","ST PETERS HILL SURGERY","Y60","QJM","15 ST PETERS HILL","","","GRANTHAM","","NG31 6QA","20180401","","","","503","","","","","","","1","","","","",""
"503CK","CROWLAND HEALTH CENTRE","Y60","QJM","THORNEY ROAD","CROWLAND","","PETERBOROUGH","","PE6 0AL","20180401","","","","503","","","","","","","1","","","","",""
"503CL","WELBY PRACTICE","Y60","QK1","25 WALFORD CLOSE","BOTTESFORD","","NOTTINGHAM","","NG13 0AN","20180401","","","","503","","","","","","","1","","","","",""
"503CM","BELVOIR VALE SURGERY","Y60","QK1","17A WALFORD CLOSE","BOTTESFORD","","NOTTINGHAM","","NG13 0AN","20180401","","","","503","","","","","","","1","","","","",""
"503CN","HARLAXTON PRACTICE","Y60","QJM","SWINE HILL","HARLAXTON","","GRANTHAM","","NG32 1HT","20180401","","","","503","","","","","","","1","","","","",""
"503CP","HEREWARD GROUP PRACTICE","Y60","QJM","EXETER STREET","","","BOURNE","","PE10 9XR","20180401","","","","503","","","","","","","1","","","","",""
"503CQ","WALTHAM ON THE WOLDS PRACTICE","Y60","QK1","BESCABY LANE","WALTHAM ON THE WOLDS","","MELTON MOWBRAY","","LE14 4AB","20180401","","","","503","","","","","","","1","","","","",""
"503CR","WOODLAND MEDICAL PRACTICE","Y60","QJM","JASMIN ROAD","","","LINCOLN","","LN6 0QQ","20180401","","","","503","","","","","","","1","","","","",""
"503CT","CITY CARE CENTRE","Y61","S1Y5D","THORPE ROAD","","","PETERBOROUGH","","PE3 6DB","20180401","","","","503","","","","","","","1","","","","",""
"503CV","BLUECOATS ANNEX","Y60","QJM","BLUECOAT PRIMARY SCHOOL","GREEN LANE","","STAMFORD","","PE9 1HE","20180401","","","","503","","","","","","","1","","","","",""
"503CW","RIVERSIDE PLAYGROUP","Y60","QJM","NORTH HOLME ROAD","","","LOUTH","","LN11 0HG","20180401","","","","503","","","","","","","1","","","","",""
"503CX","ANCASTER CHILDREN CENTRE","Y60","QJM","MERCIA DRIVE","ANCASTER","","GRANTHAM","","NG32 3QQ","20180401","","","","503","","","","","","","1","","","","",""
"503CY","WELTON HOUSE","Y60","QJM","LIME KILN WAY","","","LINCOLN","","LN2 4WH","20180401","","","","503","","","","","","","1","","","","",""
"503DA","RAVENDALE HEALTH CLINIC","Y60","QJM","RAVENDALE DRIVE","","","LINCOLN","","LN2 2BT","20180401","","","","503","","","","","","","1","","","","",""
"503DC","GRANTHAM COMMUNITY BASE","Y60","QJM","TOLLEMACHE ROAD SOUTH","SPITTLEGATE LEVEL","","GRANTHAM","","NG31 7UH","20180401","","","","503","","","","","","","1","","","","",""
"503DD","GREETWELL PLACE","Y60","QJM","2 LIME KILN WAY","","","LINCOLN","","LN2 4US","20180401","","","","503","","","","","","","1","","","","",""
"503DE","THE NEW CONINGSBY SURGERY","Y60","QJM","20 SILVER STREET","CONINGSBY","","LINCOLN","","LN4 4SG","20180401","","","","503","","","","","","","1","","","","",""
"503DF","WASHINGBOROUGH COMMUNITY CENTRE","Y60","QJM","FEN ROAD","WASHINGBOROUGH","","LINCOLN","","LN4 1AB","20180401","","","","503","","","","","","","1","","","","",""
"503DG","WRAGBY SURGERY","Y60","QJM","OLD GRAMMAR SCHOOL WAY","WRAGBY","","MARKET RASEN","","LN8 5DA","20180401","","","","503","","","","","","","1","","","","",""
"503DH","BRANT ROAD SURGERY","Y60","QJM","291 BRANT ROAD","","","LINCOLN","","LN5 9AB","20180401","","","","503","","","","","","","1","","","","",""
"503DJ","THE HEATH SURGERY","Y60","QJM","LONDON ROAD","BRACEBRIDGE HEATH","","LINCOLN","","LN4 2LA","20180401","","","","503","","","","","","","1","","","","",""
"503DK","HAWTHORN MEDICAL PRACTICE","Y60","QJM","HAWTHORN ROAD","","","SKEGNESS","","PE25 3TD","20180401","","","","503","","","","","","","1","","","","",""
"503DL","LONG SUTTON MEDICAL CENTRE","Y60","QJM","TRAFALGAR SQUARE","LONG SUTTON","","SPALDING","","PE12 9HB","20180401","","","","503","","","","","","","1","","","","",""
"503DM","HIBALDSTOW SURGERY","Y63","QOQ","11 CHURCH STREET","HIBALDSTOW","","BRIGG","","DN20 9ED","20180401","","","","503","","","","","","","1","","","","",""
"503DN","BURGH LE MARSH VILLAGE HALL","Y60","QJM","JACKSONS LANE","BURGH LE MARSH","","SKEGNESS","","PE24 5LA","20180401","","","","503","","","","","","","1","","","","",""
"503DP","BRACEBRIDGE COMMUNITY CENTRE","Y60","QJM","MAPLE STREET","","","LINCOLN","","LN5 8QS","20180401","","","","503","","","","","","","1","","","","",""
"503DQ","SURFLEET VILLAGE HALL","Y60","QJM","STATION ROAD","SURFLEET","","SPALDING","","PE11 4DB","20180401","","","","503","","","","","","","1","","","","",""
"503DR","ST GEORGES COMMUNITY CENTRE","Y60","QJM","HEAPHAM ROAD","","","GAINSBOROUGH","","DN21 1SH","20180401","","","","503","","","","","","","1","","","","",""
"503DT","SUDBROOKE COMMUNITY CENTRE","Y60","QJM","SUDBROOKE DRIVE","","","LINCOLN","","LN2 2EF","20180401","","","","503","","","","","","","1","","","","",""
"503DV","WINGS MEADOW ACTIVITY CENTRE","Y60","QJM","FREISTON ROAD","","","BOSTON","","PE21 0JR","20180401","","","","503","","","","","","","1","","","","",""
"503DW","CROWLAND CHILDREN CENTRE","Y60","QJM","POSTLAND ROAD","CROWLAND","","PETERBOROUGH","","PE6 0JA","20180401","","","","503","","","","","","","1","","","","",""
"503DX","NORTH HYKEHAM CHILDREN CENTRE LING MOOR","Y60","QJM","RICHMOND DRIVE","NORTH HYKEHAM","","LINCOLN","","LN6 8QY","20180401","","","","503","","","","","","","1","","","","",""
"503DY","CURLEW CENTRE","Y60","QJM","51 BRIDGE ROAD","SUTTON BRIDGE","","SPALDING","","PE12 9SA","20180401","","","","503","","","","","","","1","","","","",""
"503EA","SCOTTER/HAWTHORN SURGERY","Y60","QJM","SCOTTON ROAD","SCOTTER","","GAINSBOROUGH","","DN21 3SB","20180401","","","","503","","","","","","","1","","","","",""
"503EC","HOLTON LE CLAY CHILDRENS CENTRE","Y60","QJM","PICKSLEY CRESCENT","HOLTON-LE-CLAY","","GRIMSBY","","DN36 5DR","20180401","","","","503","","","","","","","1","","","","",""
"503ED","NEWMARKET SURGERY","Y60","QJM","153 NEWMARKET","","","LOUTH","","LN11 9EH","20180401","","","","503","","","","","","","1","","","","",""
"503EE","JAMES STREET SURGERY","Y60","QJM","49 JAMES STREET","","","LOUTH","","LN11 0JN","20180401","","","","503","","","","","","","1","","","","",""
"503EF","NORTH HYKEHAM COUNCIL OFFICES","Y60","QJM","FEN LANE","NORTH HYKEHAM","","LINCOLN","","LN6 8EY","20180401","","","","503","","","","","","","1","","","","",""
"503EG","GREYFRIARS SURGERY","Y60","QJM","SOUTH SQUARE","","","BOSTON","","PE21 6JU","20180401","","","","503","","","","","","","1","","","","",""
"503EH","HORNCASTLE BANOVALLUM SCHOOL","Y60","QJM","MAREHAM ROAD","","","HORNCASTLE","","LN9 6DA","20180401","","","","503","","","","","","","1","","","","",""
"503EJ","LOUTH CHILDRENS CENTRE","Y60","QJM","EASTFIELD INFANTS & NURSERY SCHOOL","LACEY GARDENS","","LOUTH","","LN11 8DQ","20180401","","","","503","","","","","","","1","","","","",""
"503EK","BARDENEY HEALTH CLINIC","Y60","QJM","HORNCASTLE ROAD","BARDNEY","","LINCOLN","","LN3 5SU","20180401","","","","503","","","","","","","1","","","","",""
"503EL","UNITED REFORM CHURCH","Y60","QJM","SOUTHGATE","","","SLEAFORD","","NG34 7RY","20180401","","","","503","","","","","","","1","","","","",""
"503EM","RIVERSIDE SURGERY","Y60","QJM","BOSTON ROAD","","","SLEAFORD","","NG34 7HD","20180401","","","","503","","","","","","","1","","","","",""
"503EN","THE DEEPINGS COMMUNITY CENTRE","Y60","QJM","2 DOUGLAS ROAD","MARKET DEEPING","","PETERBOROUGH","","PE6 8PA","20180401","","","","503","","","","","","","1","","","","",""
"503EP","ELSEA PARK COMMUNITY TRUST","Y60","QJM","1 SANDOWN DRIVE","","","BOURNE","","PE10 0US","20180401","","","","503","","","","","","","1","","","","",""
"503EQ","SCREDINGTON COMMUNITY CENTRE","Y60","QJM","CHURCH LANE","SCREDINGTON","","SLEAFORD","","NG34 0AG","20180401","","","","503","","","","","","","1","","","","",""
"503ER","GONERBY SOCIAL CLUB","Y60","QJM","8 HIGH STREET","GREAT GONERBY","","GRANTHAM","","NG31 8JP","20180401","","","","503","","","","","","","1","","","","",""
"503ET","TATTERSHALL CHILDRENS CENTRE","Y60","QJM","CLINTON PARK","TATTERSHALL","","LINCOLN","","LN4 4QZ","20180401","","","","503","","","","","","","1","","","","",""
"503EV","ST JOHNS CHURCH HALL","Y60","QJM","CLINTON PARK","TATTERSHALL","","LINCOLN","","LN4 4QZ","20180401","","","","503","","","","","","","1","","","","",""
"503EW","OLD LEAKE CHILDREN CENTRE","Y60","QJM","OLD MAIN ROAD","OLD LEAKE","","BOSTON","","PE22 9HR","20180401","","","","503","","","","","","","1","","","","",""
"503EX","STURTON BY STOW CHILDREN CENTRE","Y60","QJM","SCHOOL LANE","STURTON BY STOW","","LINCOLN","","LN1 2BY","20180401","","","","503","","","","","","","1","","","","",""
"503EY","LUDFORD VILLAGE HALL","Y60","QJM","PLAYING FIELD LANE","MAGNA MILE","LUDFORD","MARKET RASEN","","LN8 6AJ","20180401","","","","503","","","","","","","1","","","","",""
"503FA","STAMFORD FREE CHURCH","Y60","QJM","60 KESTEVEN ROAD","","","STAMFORD","","PE9 1SU","20180401","","","","503","","","","","","","1","","","","",""
"503FC","MARKET RASEN GP SURGERY","Y60","QJM","MILL ROAD","","","MARKET RASEN","","LN8 3BP","20180401","","","","503","","","","","","","1","","","","",""
"503FD","SUTTON BRIDGE MEDICAL CENTRE","Y60","QJM","RAILWAY LANE SOUTH","SUTTON BRIDGE","","SPALDING","","PE12 9UZ","20180401","","","","503","","","","","","","1","","","","",""
"503FE","WAINFLEET SURGERY","Y60","QJM","WILLIAM WAY","WAINFLEET","","SKEGNESS","","PE24 4DE","20180401","","","","503","","","","","","","1","","","","",""
"503FF","STICKNEY SURGERY","Y60","QJM","MAIN ROAD","STICKNEY","","BOSTON","","PE22 8AA","20180401","","","","503","","","","","","","1","","","","",""
"503FG","BEACON MEDICAL PRACTICE","Y60","QJM","CHURCHILL AVENUE","","","SKEGNESS","","PE25 2RN","20180401","","","","503","","","","","","","1","","","","",""
"503FH","NEW LIFE CHRISTIAN FELLOWSHIP CENTRE","Y60","QJM","MIDDLEFIELD LANE","","","GAINSBOROUGH","","DN21 1UN","20180401","","","","503","","","","","","","1","","","","",""
"503FJ","ROUGHTON VILLAGE HALL","Y60","QJM","MAIN ROAD","ROUGHTON","","WOODHALL SPA","","LN10 6YJ","20180401","","","","503","","","","","","","1","","","","",""
"503FK","SKEGNESS FIRE STATION","Y60","QJM","CHURCHILL AVENUE","","","SKEGNESS","","PE25 2RN","20180401","","","","503","","","","","","","1","","","","",""
"503FL","MUNROE MEDICAL CENTRE","Y60","QJM","WEST ELLOE AVENUE","","","SPALDING","","PE11 2BY","20180401","","","","503","","","","","","","1","","","","",""
"503FM","MERES LEISURE CENTRE","Y60","QJM","TRENT ROAD","","","GRANTHAM","","NG31 7XQ","20180401","","","","503","","","","","","","1","","","","",""
"503FN","OLD LEAKE MEDICAL CENTRE","Y60","QJM","CHURCH END","OLD LEAKE","","BOSTON","","PE22 9LE","20180401","","","","503","","","","","","","1","","","","",""
"503FP","MARKET RASEN CHILDRENS CENTRE","Y60","QJM","KILNWELL ROAD","","","MARKET RASEN","","LN8 3BJ","20180401","","","","503","","","","","","","1","","","","",""
"503FQ","BINBROOK CHILDRENS CENTRE","Y60","QJM","BINBROOK PRIMARY SCHOOL","ORFORD ROAD","BINBROOK","MARKET RASEN","","LN8 6DU","20180401","","","","503","","","","","","","1","","","","",""
"503FR","SKEGNESS CHILDRENS CENTRE","Y60","QJM","BRUNSWICK DRIVE","","","SKEGNESS","","PE25 2QT","20180401","","","","503","","","","","","","1","","","","",""
"503FT","SPILSBY CHILDRENS CENTRE","Y60","QJM","SPILSBY PRIMARY ACADEMY","WOODLANDS AVENUE","","SPILSBY","","PE23 5EP","20180401","","","","503","","","","","","","1","","","","",""
"503FV","WAINFLEET CHILDRENS CENTRE","Y60","QJM","MAGDALEN ROAD","WAINFLEET","","SKEGNESS","","PE24 4DD","20180401","","","","503","","","","","","","1","","","","",""
"503FW","SUTTON BRIDGE CHILDREN CENTRE","Y60","QJM","ANNE ROAD","SUTTON BRIDGE","","SPALDING","","PE12 9TB","20180401","","","","503","","","","","","","1","","","","",""
"503FX","SWINESHEAD CHILDREN CENTRE","Y60","QJM","ABBEY ROAD","SWINESHEAD","","BOSTON","","PE20 3EN","20180401","","","","503","","","","","","","1","","","","",""
"503FY","BOURNE CHILDRENS CENTRE","Y60","QJM","QUEENS ROAD","","","BOURNE","","PE10 9DX","20180401","","","","503","","","","","","","1","","","","",""
"503GA","SWINGBRIDGE CHILDRENS CENTRE","Y60","QJM","TRENT ROAD","","","GRANTHAM","","NG31 7XQ","20180401","","","","503","","","","","","","1","","","","",""
"503GC","BELTON LANE CHILDRENS CENTRE","Y60","QJM","GREEN LANE","","","GRANTHAM","","NG31 9PP","20180401","","","","503","","","","","","","1","","","","",""
"503GD","BOTTESFORD SURESTART CHILDRENS CENTRE","Y60","QK1","BARKESTONE LANE","BOTTESFORD","","NOTTINGHAM","","NG13 0AX","20180401","","","","503","","","","","","","1","","","","",""
"503GE","SLEAFORD CHILDRENS CENTRE","Y60","QJM","3-4 CARRE STREET","","","SLEAFORD","","NG34 7TW","20180401","","","","503","","","","","","","1","","","","",""
"503GF","MILLVIEW MEDICAL CENTRE","Y60","QJM","1 SLEAFORD ROAD","HECKINGTON","","SLEAFORD","","NG34 9QP","20180401","","","","503","","","","","","","1","","","","",""
"503GG","RUSKINGTON MEDICAL PRACTICE","Y60","QJM","6 BROOKSIDE CLOSE","RUSKINGTON","","SLEAFORD","","NG34 9GQ","20180401","","","","503","","","","","","","1","","","","",""
"503GH","BILLINGHAY CHILDRENS CENTRE","Y60","QJM","FEN ROAD","BILLINGHAY","","LINCOLN","","LN4 4HU","20180401","","","","503","","","","","","","1","","","","",""
"503GJ","ANCASTER SURGERY","Y60","QJM","12 ERMINE STREET","ANCASTER","","GRANTHAM","","NG32 3PP","20180401","","","","503","","","","","","","1","","","","",""
"503GK","CAYTHORPE SURGERY","Y60","QJM","52-56 HIGH STREET","CAYTHORPE","","GRANTHAM","","NG32 3DN","20180401","","","","503","","","","","","","1","","","","",""
"503GL","MEDICAL CENTRE RAF CRANWELL","Y60","QJM","COLLEGE ROAD","CRANWELL","","SLEAFORD","","NG34 8HB","20180401","","","","503","","","","","","","1","","","","",""
"503GM","RAF DIGBY","Y60","QJM","CUCKOO LANE","DIGBY","","LINCOLN","","LN4 3LH","20180401","","","","503","","","","","","","1","","","","",""
"503GN","NEW SURGERY WOODHALL SPA","Y60","QJM","THE BROADWAY","","","WOODHALL SPA","","LN10 6SQ","20180401","","","","503","","","","","","","1","","","","",""
"503GP","LINCOLN NORTH CHILDRENS CENTRE","Y60","QJM","WELBOURN HOUSE","WELBOURN GARDENS","","LINCOLN","","LN2 2DD","20180401","","","","503","","","","","","","1","","","","",""
"503GQ","CHERRY WILLINGHAM CHILDRENS CENTRE","Y60","QJM","LIME GROVE","CHERRY WILLINGHAM","","LINCOLN","","LN3 4BD","20180401","","","","503","","","","","","","1","","","","",""
"503GR","ST GILES CHILDRENS CENTRE","Y60","QJM","LAMB GARDENS","","","LINCOLN","","LN2 4EG","20180401","","","","503","","","","","","","1","","","","",""
"503GT","SPALDING CHILDRENS CENTRE","Y60","QJM","BANKS AVENUE","","","SPALDING","","PE11 2JG","20180401","","","","503","","","","","","","1","","","","",""
"503GV","HOLBEACH CHILDRENS CENTRE","Y60","QJM","BOSTON ROAD SOUTH","HOLBEACH","","SPALDING","","PE12 7LZ","20180401","","","","503","","","","","","","1","","","","",""
"503GW","WELTON CHILDREN CENTRE","Y60","QJM","LINCOLN ROAD","WELTON","","LINCOLN","","LN2 3JB","20180401","","","","503","","","","","","","1","","","","",""
"503GX","WITHAM ST HUGHS CHILDREN CENTRE","Y60","QJM","MUNTJAC WAY","WITHAM ST. HUGHS","","LINCOLN","","LN6 9WF","20180401","","","","503","","","","","","","1","","","","",""
"503GY","BEECH HOUSE","Y60","QJM","WITHAM PARK","WATERSIDE SOUTH","","LINCOLN","","LN5 7JH","20180401","","","","503","","","","","","","1","","","","",""
"503HA","BILLINGHAY MEDICAL PRACTICE","Y60","QJM","39 HIGH STREET","BILLINGHAY","","LINCOLN","","LN4 4AU","20180401","","","","503","","","","","","","1","","","","",""
"503HC","CHURCH OF THE ASCENSION","Y60","QJM","EDINBURGH ROAD","","","GRANTHAM","","NG31 9QZ","20180401","","","","503","","","","","","","1","","","","",""
"503HD","CARHOLME CHILDRENS CENTRE","Y60","QJM","BLENHEIM ROAD","","","LINCOLN","","LN1 1PU","20180401","","","","503","","","","","","","1","","","","",""
"503HE","ABBEY CHILDRENS CENTRE","Y60","QJM","CROFT STREET","","","LINCOLN","","LN2 5AX","20180401","","","","503","","","","","","","1","","","","",""
"503HF","TESCO","Y60","QJM","186 WRAGBY ROAD","","","LINCOLN","","LN2 4QQ","20180401","","","","503","","","","","","","1","","","","",""
"503HG","SOUTH PARK SURGERY","Y60","QJM","19 ST. CATHERINES","","","LINCOLN","","LN5 8LW","20180401","","","","503","","","","","","","1","","","","",""
"503HH","ST CHRISTOPHERS CHILDRENS CENTRE","Y60","QJM","FENSIDE ROAD","","","BOSTON","","PE21 8HY","20180401","","","","503","","","","","","","1","","","","",""
"503HJ","KIRTON MEDICAL","Y60","QJM","BOSTON ROAD","KIRTON","","BOSTON","","PE20 1DS","20180401","","","","503","","","","","","","1","","","","",""
"503HK","LIQUORPOND SURGERY","Y60","QJM","10 LIQUORPOND STREET","","","BOSTON","","PE21 8UE","20180401","","","","503","","","","","","","1","","","","",""
"503HL","NORFOLK LODGE CHILDRENS CENTRE","Y60","QJM","27 NORFOLK STREET","","","BOSTON","","PE21 6PW","20180401","","","","503","","","","","","","1","","","","",""
"503HM","GAINSBOROUGH CHILDRENS CENTRE","Y60","QJM","MARKET ARCADE","","","GAINSBOROUGH","","DN21 2DY","20180401","","","","503","","","","","","","1","","","","",""
"503HN","MOORE HOUSE","Y60","QJM","10-11 LINDUM TERRACE","","","LINCOLN","","LN2 5RS","20180401","","","","503","","","","","","","1","","","","",""
"503HP","BRAMBLE HALL DAY NURSERY","Y60","QJM","STATION ROAD","SUTTERTON","","BOSTON","","PE20 2JH","20180401","","","","503","","","","","","","1","","","","",""
"503HQ","BRANSTON CHURCH HALL","Y60","QJM","CHURCH ROAD","BRANSTON","","LINCOLN","","LN4 1LZ","20180401","","","","503","","","","","","","1","","","","",""
"503HR","NETTLEHAM VILLAGE HALL","Y60","QJM","BROOKFIELD AVENUE","NETTLEHAM","","LINCOLN","","LN2 2SS","20180401","","","","503","","","","","","","1","","","","",""
"503HT","BUSY BEE DAY NURSERY","Y60","QJM","21-23 PORTLAND STREET","","","LINCOLN","","LN5 7JZ","20180401","","","","503","","","","","","","1","","","","",""
"503HV","KINGS LYNN SOCIAL SERVICES","Y61","T6Y0W","PRIORY HOUSE","9 AUSTIN STREET","","KING'S LYNN","","PE30 1BG","20180401","","","","503","","","","","","","1","","","","",""
"503HW","LITTLE PUDDING NURSERY","Y60","QJM","MALLORY CLOSE","","","LINCOLN","","LN6 0UL","20180401","","","","503","","","","","","","1","","","","",""
"503HX","ORCHARD HOUSE","Y60","QJM","ORCHARD STREET","","","LINCOLN","","LN1 1BA","20180401","","","","503","","","","","","","1","","","","",""
"503HY","NEWARK ROAD SURGERY","Y60","QJM","501A NEWARK ROAD","","","LINCOLN","","LN6 8RT","20180401","","","","503","","","","","","","1","","","","",""
"503JA","RICHMOND MEDICAL CENTRE","Y60","QJM","MOOR LANE","NORTH HYKEHAM","","LINCOLN","","LN6 9AY","20180401","","","","503","","","","","","","1","","","","",""
"503JC","CROSSROADS MEDICAL PRACTICE","Y60","QJM","LINCOLN ROAD","NORTH HYKEHAM","","LINCOLN","","LN6 8NH","20180401","","","","503","","","","","","","1","","","","",""
"503JD","BOSTON FAMILY CENTRE","Y60","QJM","64 FENSIDE ROAD","","","BOSTON","","PE21 8JH","20180401","","","","503","","","","","","","1","","","","",""
"503JE","WASHINGBOROUGH FAMILY PRACTICE","Y60","QJM","SCHOOL LANE","WASHINGBOROUGH","","LINCOLN","","LN4 1BN","20180401","","","","503","","","","","","","1","","","","",""
"503JF","THE BOATHOUSE BUSINESS CENTRE","Y61","S1Y5D","1 HARBOUR SQUARE","","","WISBECH","","PE13 3BH","20180401","","","","503","","","","","","","1","","","","",""
"503JG","PETERBOROUGH CITY HOSPITAL","Y61","S1Y5D","BRETTON GATE","BRETTON","","PETERBOROUGH","","PE3 9GZ","20180401","","","","503","","","","","","","1","","","","",""
"503JH","BIRCHWOOD CHILDRENS CENTRE","Y60","QJM","BIRCHWOOD AVENUE","","","LINCOLN","","LN6 0JE","20180401","","","","503","","","","","","","1","","","","",""
"503JJ","CORONATION HALL","Y60","QJM","SPA ROAD","","","WOODHALL SPA","","LN10 6PZ","20180401","","","","503","","","","","","","1","","","","",""
"503JK","PEGASUS CHILD CARE CENTRE","Y60","QJM","MAIN STREET","OSGODBY","","MARKET RASEN","","LN8 3TA","20180401","","","","503","","","","","","","1","","","","",""
"503JL","LINCOLN - BEARHUGS NURSERY","Y60","QJM","27 MARKET PLACE","TATTERSHALL","","LINCOLN","","LN4 4LJ","20180401","","","","503","","","","","","","1","","","","",""
"503JM","SPRINGFIELD LODGE MONTESSORI DAY NURSERY","Y63","QOQ","SPRINGFIELD ROAD","","","GRIMSBY","","DN33 3LE","20180401","","","","503","","","","","","","1","","","","",""
"503JN","LITTLE MUCHKINS KINDERGARTON","Y60","QJM","ST PETERS LODGE","PRIORY ROAD","","SPALDING","","PE11 2XA","20180401","","","","503","","","","","","","1","","","","",""
"503JP","MABLETHORPE FIRST COLLEGE","Y60","QJM","SEACROFT ROAD","","","MABLETHORPE","","LN12 2DT","20180401","","","","503","","","","","","","1","","","","",""
"503JQ","FIRST COLLEGE LINCS (LOUTH)","Y60","QJM","UNIT 3","STATION ESTATE","NEWBRIDGE HILL","LOUTH","","LN11 0JT","20180401","","","","503","","","","","","","1","","","","",""
"503JR","BOSTON COLLEGE SPALDING","Y60","QJM","RED LION QUARTER","CRACKPOOL LANE","","SPALDING","","PE11 1WD","20180401","","","","503","","","","","","","1","","","","",""
"503JT","BUILDING BLOCKS KINDERGARTON","Y60","QJM","BURGHLEY STREET","","","BOURNE","","PE10 9NS","20180401","","","","503","","","","","","","1","","","","",""
"503JV","ALFORD CHILDRENS CENTRE","Y60","QJM","FARLESTHORPE ROAD","","","ALFORD","","LN13 9PS","20180401","","","","503","","","","","","","1","","","","",""
"503JW","ST. GILES FAMILY CENTRE","Y60","QJM","LAMB GARDENS","","","LINCOLN","","LN2 4EG","20180401","","","","503","","","","","","","1","","","","",""
"503JY","SMALL SAINT PRE-SCHOOL","Y60","QJM","THE CHASE","HIGH STREET","HOLBEACH","SPALDING","","PE12 7ED","20180401","","","","503","","","","","","","1","","","","",""
"503KA","ROSEBERRY HOUSE FAMILY CENTRE","Y60","QJM","ROSEBERRY HOUSE","ROSEBERRY AVENUE","","SKEGNESS","","PE25 3HA","20180401","","","","503","","","","","","","1","","","","",""
"503KC","CHURCH WALK SURGERY","Y60","QJM","DRURY STREET","METHERINGHAM","","LINCOLN","","LN4 3EZ","20180401","","","","503","","","","","","","1","","","","",""
"503KD","EASTFIELD HOUSE","Y60","QJM","EASTFIELD ROAD","","","LOUTH","","LN11 7AN","20180401","","","","503","","","","","","","1","","","","",""
"503KE","VIRGINIA HOUSE","Y60","QJM","10 VIRGINIA DRIVE","","","LOUTH","","LN11 8BD","20180401","","","","503","","","","","","","1","","","","",""
"503KF","TOWN AND COUNTRY KIDDIES NURSERY","Y60","QJM","48 JAMES STREET","","","LOUTH","","LN11 0JW","20180401","","","","503","","","","","","","1","","","","",""
"503KG","MABLETHORPE INTERAGENCY CENTRE","Y60","QJM","STANLEY AVENUE","","","MABLETHORPE","","LN12 1DP","20180401","","","","503","","","","","","","1","","","","",""
"503KH","FISHTOFT ROAD CHILDRENS CENTRE","Y60","QJM","3 FISHTOFT ROAD","","","BOSTON","","PE21 0AA","20180401","","","","503","","","","","","","1","","","","",""
"503KJ","SWINESHEAD MEDICAL CENTRE","Y60","QJM","FAIRFAX HOUSE","1 PACKHORSE LANE","SWINESHEAD","BOSTON","","PE20 3JE","20180401","","","","503","","","","","","","1","","","","",""
"503KK","KIDGATE SURGERY","Y60","QJM","32 QUEEN STREET","","","LOUTH","","LN11 9AU","20180401","","","","503","","","","","","","1","","","","",""
"503KL","LITTLE ACORNS","Y60","QJM","SKIRBECK ROAD","","","BOSTON","","PE21 6DA","20180401","","","","503","","","","","","","1","","","","",""
"503KM","BARDNEY PRE-SCHOOL","Y60","QJM","HENRY LANE","BARDNEY","","LINCOLN","","LN3 5TL","20180401","","","","503","","","","","","","1","","","","",""
"503KN","GRANTHAM SOCIAL SERVICES OFFICE","Y60","QJM","GRANGE HOUSE","46 UNION STREET","","GRANTHAM","","NG31 6NZ","20180401","","","","503","","","","","","","1","","","","",""
"503KP","THE LIBRARY EDUCATION CENTRE","Y61","S1Y5D","PETERBOROUGH CENTRAL LIBRARY","BROADWAY","","PETERBOROUGH","","PE1 1RX","20180401","","","","503","","","","","","","1","","","","",""
"503KQ","THE GUILDHALL","Y60","QJM","MARSHALLS YARD","","","GAINSBOROUGH","","DN21 2NA","20180401","","","","503","","","","","","","1","","","","",""
"503KR","LONGWOOD HOUSE","Y60","QJM","CORRINGHAM ROAD INDUSTRIAL ESTATE","CORRINGHAM ROAD","","GAINSBOROUGH","","DN21 1QB","20180401","","","","503","","","","","","","1","","","","",""
"503KT","HORNCASTLE AREA OFFICE","Y60","QJM","HOLMELEIGH","FOUNDRY STREET","","HORNCASTLE","","LN9 6AQ","20180401","","","","503","","","","","","","1","","","","",""
"503KV","LINCOLN AREA OFFICE","Y60","QJM","LINCOLNSHIRE COUNTY COUNCIL","ORCHARD HOUSE","ORCHARD STREET","LINCOLN","","LN1 1BA","20180401","","","","503","","","","","","","1","","","","",""
"503KY","RICHMOND HOUSE","Y60","QJM","RICHMOND DRIVE","NORTH HYKEHAM","","LINCOLN","","LN6 8QY","20180401","","","","503","","","","","","","1","","","","",""
"503LA","COUNCIL OFFICES (SLEAFORD)","Y60","QJM","COUNTY OFFICES","EASTGATE","","SLEAFORD","","NG34 7EB","20180401","","","","503","","","","","","","1","","","","",""
"503LC","VISTA","Y60","QJM","CHURCHGATE","","","SPALDING","","PE11 2RA","20180401","","","","503","","","","","","","1","","","","",""
"503LD","LINCOLNSHIRE COUNTY COUNCIL","Y60","QJM","38 NORTH STREET","","","STAMFORD","","PE9 2YN","20180401","","","","503","","","","","","","1","","","","",""
"503LE","CLIFF VILLAGES MEDICAL PRACTICE","Y60","QJM","GRANTHAM ROAD","NAVENBY","","LINCOLN","","LN5 0JJ","20180401","","","","503","","","","","","","1","","","","",""
"503LF","BASSINGHAM SURGERY","Y60","QJM","20 TORGATE LANE","BASSINGHAM","","LINCOLN","","LN5 9HF","20180401","","","","503","","","","","","","1","","","","",""
"503LG","HARTSHOLME FAMILY CENTRE","Y60","QJM","CARRINGTON DRIVE","","","LINCOLN","","LN6 0DE","20180401","","","","503","","","","","","","1","","","","",""
"503LH","GREETWELL HOLLOW DAY NURSERY","Y60","QJM","CARLTON BOULEVARD","","","LINCOLN","","LN2 4AG","20180401","","","","503","","","","","","","1","","","","",""
"503LJ","FLEUR DE LYS PRESCHOOL","Y60","QJM","4 HIGHFIELD ROAD","SAXILBY","","LINCOLN","","LN1 2QP","20180401","","","","503","","","","","","","1","","","","",""
"503LK","SUNFLOWERS NURSERY","Y60","QJM","OLD SCHOOL HOUSE","CHURCH LANE","SAXILBY","LINCOLN","","LN1 2PE","20180401","","","","503","","","","","","","1","","","","",""
"503LL","LITTLE TREASURES DAY NURSERY","Y60","QJM","18 ALGITHA ROAD","","","SKEGNESS","","PE25 2AG","20180401","","","","503","","","","","","","1","","","","",""
"503LM","TEDDY BEARS DAY NURSERY","Y60","QJM","91 GRANTHAM ROAD","BRACEBRIDGE HEATH","","LINCOLN","","LN4 2PZ","20180401","","","","503","","","","","","","1","","","","",""
"503LN","WELLIES PRE SCHOOL","Y60","QJM","2 LANGTON HILL","","","HORNCASTLE","","LN9 5AH","20180401","","","","503","","","","","","","1","","","","",""
"503LP","SCAMPTON PLAYMATES","Y60","QJM","POLLYPLATT LANE","SCAMPTON","","LINCOLN","","LN1 2TR","20180401","","","","503","","","","","","","1","","","","",""
"503LQ","ANGELS CHILDCARE","Y60","QJM","KINGSLEY ROAD","","","LINCOLN","","LN6 3TA","20180401","","","","503","","","","","","","1","","","","",""
"503LR","RAF CRANWELL KIDZONE","Y60","QJM","CRANWELL","","","SLEAFORD","","NG34 8HB","20180401","","","","503","","","","","","","1","","","","",""
"503LT","BOSTON ABC NURSERY","Y60","QJM","43 MAIN RIDGE EAST","","","BOSTON","","PE21 6ST","20180401","","","","503","","","","","","","1","","","","",""
"503LV","BUCKNALL BUNNIES NURSERY","Y60","QJM","BUCKNALL VILLAGE HALL","MAIN STREET","BUCKNALL","WOODHALL SPA","","LN10 5DT","20180401","","","","503","","","","","","","1","","","","",""
"503LY","BEARHUGS DAYCARE NURSERY","Y60","QJM","BOSTON ROAD","","","SPILSBY","","PE23 5HD","20180401","","","","503","","","","","","","1","","","","",""
"503MA","BUSIBODIES DAY NURSERY","Y60","QJM","3 HEATH ROAD","","","SKEGNESS","","PE25 3ST","20180401","","","","503","","","","","","","1","","","","",""
"503MC","CHEEKY MONKEY'S DAY NURSERY","Y60","QJM","BRIGG ROAD","SOUTH KELSEY","","MARKET RASEN","","LN7 6PH","20180401","","","","503","","","","","","","1","","","","",""
"503MD","FRAMPTON COMMUNITY PRE-SCHOOL","Y60","QJM","FRAMAPTON VILLAGE HALL","MIDDLEGATE ROAD","FRAMPTON","BOSTON","","PE20 1AW","20180401","","","","503","","","","","","","1","","","","",""
"503ME","GIPSEY BRIDGE PRE-SCHOOL","Y60","QJM","LEAGATE ROAD","GIPSEY BRIDGE","","BOSTON","","PE22 7BU","20180401","","","","503","","","","","","","1","","","","",""
"503MF","GAPA NURSERY","Y60","QJM","GAINSBOROUGH ADVENTURE PLAYGROUND","RISEHOLME ROAD","","GAINSBOROUGH","","DN21 1NL","20180401","","","","503","","","","","","","1","","","","",""
"503MG","BOSTON HOLY TRINITY PRE-SCHOOL","Y60","QJM","SPILSBY ROAD","","","BOSTON","","PE21 9NS","20180401","","","","503","","","","","","","1","","","","",""
"503MH","HAPPY DAYS NURSERY","Y63","QOQ","GROVE STREET","KIRTON LINDSEY","","GAINSBOROUGH","","DN21 4BY","20180401","","","","503","","","","","","","1","","","","",""
"503MJ","BOSTON HOME NURSERY","Y60","QJM","47 HIGH STREET","","","BOSTON","","PE21 8SP","20180401","","","","503","","","","","","","1","","","","",""
"503MK","SKEGNESS LITTLE LEARNERS PRE-SCHOOL","Y60","QJM","LINCOLN ROAD","","","SKEGNESS","","PE25 2DR","20180401","","","","503","","","","","","","1","","","","",""
"503ML","SKEGNESS LITTLE LEARNERS NURSERY","Y60","QJM","14 LUMLEY AVENUE","","","SKEGNESS","","PE25 2AP","20180401","","","","503","","","","","","","1","","","","",""
"503MM","KIRTON LITTLE EXPLORERS NURSERY","Y60","QJM","22 WILLINGTON ROAD","KIRTON","","BOSTON","","PE20 1EH","20180401","","","","503","","","","","","","1","","","","",""
"503MN","BOSTON MON-AMI DAY NURSERY","Y60","QJM","86 WOODVILLE ROAD","","","BOSTON","","PE21 8BB","20180401","","","","503","","","","","","","1","","","","",""
"503MP","SWINESHEAD MON-AMI DAY NURSERY","Y60","QJM","HIGH STREET","SWINESHEAD","","BOSTON","","PE20 3LH","20180401","","","","503","","","","","","","1","","","","",""
"503MQ","WRAGBY MON-AMI DAY NURSERY","Y60","QJM","CHURCH STREET","WRAGBY","","MARKET RASEN","","LN8 5RA","20180401","","","","503","","","","","","","1","","","","",""
"503MR","ALFORD MON-AMI DAY NURSERY","Y60","QJM","12 EAST STREET","","","ALFORD","","LN13 9EQ","20180401","","","","503","","","","","","","1","","","","",""
"503MT","GAINSBOROUGH MEYNELL KINDERGARTEN","Y60","QJM","16 MORTON ROAD","LAUGHTON","","GAINSBOROUGH","","DN21 3PS","20180401","","","","503","","","","","","","1","","","","",""
"503MV","TRINITY DAY NURSERY","Y60","QJM","156 TRINITY STREET","","","GAINSBOROUGH","","DN21 1JN","20180401","","","","503","","","","","","","1","","","","",""
"503MY","WHITE HOUSE FARM DAY NURSERY","Y60","QJM","VILLAGE STREET","SEDGEBROOK","","GRANTHAM","","NG32 2EN","20180401","","","","503","","","","","","","1","","","","",""
"503NA","HILL HOLT WOOD","Y60","QJM","NORTON DISNEY","","","LINCOLN","","LN6 9JP","20180401","","","","503","","","","","","","1","","","","",""
"503NC","THE CHILDRENS GARDEN NURSERY","Y60","QJM","ROEBUCK HOUSE","33 BROAD STREET","","STAMFORD","","PE9 1PJ","20180401","","","","503","","","","","","","1","","","","",""
"503ND","PARKSIDE MEDICAL CENTRE","Y60","QJM","TAWNEY STREET","","","BOSTON","","PE21 6PF","20180401","","","","503","","","","","","","1","","","","",""
"503NE","NEW TRIBES MISSION","Y60","QJM","KENNETH CAMPBELL ROAD","NORTH COTES","","GRIMSBY","","DN36 5XU","20180401","","","","503","","","","","","","1","","","","",""
"503NF","MANBY SURGERY","Y60","QJM","MIDDLEGATE MEDICAL CENTRE","MANBY","","LOUTH","","LN11 8EB","20180401","","","","503","","","","","","","1","","","","",""
"503NG","NORTH SOMERCOATES SURGERY","Y60","QJM","KEELING STREET","NORTH SOMERCOTES","","LOUTH","","LN11 7QU","20180401","","","","503","","","","","","","1","","","","",""
"503NH","HOLTON-LE-CLAY SURGERY","Y60","QJM","LANCASTER GATE","HOLTON-LE-CLAY","","GRIMSBY","","DN36 5YS","20180401","","","","503","","","","","","","1","","","","",""
"503NJ","REDHEN NURSERY","Y60","QJM","RESTON ROAD","LEGBOURNE","","LOUTH","","LN11 8LS","20180401","","","","503","","","","","","","1","","","","",""
"503NK","RAINBOW CORNER NURSERY","Y60","QJM","26 PINFOLD LANE","HOLTON-LE-CLAY","","GRIMSBY","","DN36 5DH","20180401","","","","503","","","","","","","1","","","","",""
"503NL","THE ST FRANCIS SPECIAL SCHOOL","Y60","QJM","WICKENBY CRESCENT","","","LINCOLN","","LN1 3TJ","20180401","","","","503","","","","","","","1","","","","",""
"503NM","ADDACTION","Y60","QJM","70-74 WIDE BARGATE","","","BOSTON","","PE21 6RY","20180401","","","","503","","","","","","","1","","","","",""
"503NN","SHEEPMARKET SURGERY","Y60","QJM","RYHALL ROAD","","","STAMFORD","","PE9 1YA","20180401","","","","503","","","","","","","1","","","","",""
"503NP","SANDHILLS NURSERY","Y60","QJM","BOSTON WEST BUSINESS PARK","SLEAFORD ROAD","","BOSTON","","PE21 8EG","20180401","","","","503","","","","","","","1","","","","",""
"503NQ","LILLIPUT DAY NURSERY","Y60","QJM","12 HIGH STREET","","","SPALDING","","PE11 1TW","20180401","","","","503","","","","","","","1","","","","",""
"503NR","GRANTHAM HEADSTART NURSERY","Y60","QJM","107A-107B DUDLEY ROAD","","","GRANTHAM","","NG31 9AB","20180401","","","","503","","","","","","","1","","","","",""
"503NT","MY NURSERY","Y60","QJM","CONDUIT LANE","","","GRANTHAM","","NG31 6PB","20180401","","","","503","","","","","","","1","","","","",""
"503NV","FAMILY CENTRE","Y60","QJM","42 EARLESFIELD LANE","","","GRANTHAM","","NG31 7NY","20180401","","","","503","","","","","","","1","","","","",""
"503NY","LILLYPUT DAY NURSERY","Y60","QJM","2 RESOLUTION CLOSE","","","BOSTON","","PE21 7TT","20180401","","","","503","","","","","","","1","","","","",""
"503PA","DIANA PRINCESS OF WALES HOSPITAL","Y63","QOQ","SCARTHO ROAD","","","GRIMSBY","","DN33 2BA","20180401","","","","503","","","","","","","1","","","","",""
"503PC","LOUTH LIBRARY","Y60","QJM","NORTHGATE","","","LOUTH","","LN11 0LY","20180401","","","","503","","","","","","","1","","","","",""
"503PD","BUILD A FUTURE VOCATIONAL COLLEGE","Y60","QJM","MAIN STREET","WEST ASHBY","","HORNCASTLE","","LN9 5PT","20180401","","","","503","","","","","","","1","","","","",""
"503PE","STS WILLOW TREE FARM","Y60","QJM","WITHAM BANK","MARTIN DALES","","WOODHALL SPA","","LN10 6XS","20180401","","","","503","","","","","","","1","","","","",""
"503PF","RIVERSIDE EARLY YEARS PLAYGROUP","Y60","QJM","WITHAM BANK EAST","","","BOSTON","","PE21 9JU","20180401","","","","503","","","","","","","1","","","","",""
"503PG","OPPORTUNE ENGINEERS","Y60","QJM","FOUR ACRES FARM","CANISTER LANE","GIPSEY BRIDGE","BOSTON","","PE22 7HD","20180401","","","","503","","","","","","","1","","","","",""
"503PH","TOPGATE HOUSE","Y60","QJM","TOPSGATE","GEDNEY","","SPALDING","","PE12 0BS","20180401","","","","503","","","","","","","1","","","","",""
"503PJ","NUTWOOD DAY NURSERY","Y60","QJM","553 NEWARK ROAD","","","LINCOLN","","LN6 8RY","20180401","","","","503","","","","","","","1","","","","",""
"503PK","SLEAFORD NEWLIFE PRE-SCHOOL","Y60","QJM","MAREHAM LANE","","","SLEAFORD","","NG34 7JP","20180401","","","","503","","","","","","","1","","","","",""
"503PL","LINCOLN UNIVERSITY TECHNOLOGY COLLEGE","Y60","QJM","GREESTONE BUILDING","LINDUM ROAD","","LINCOLN","","LN2 1PF","20180401","","","","503","","","","","","","1","","","","",""
"503PM","LITTLE TREASURES NURSERY","Y60","QJM","HAVERFIELD ROAD","","","SPALDING","","PE11 2XP","20180401","","","","503","","","","","","","1","","","","",""
"503PN","PARK SCHOOL DAY NURSERY","Y60","QJM","SCHOOL LANE","NORTH HYKEHAM","","LINCOLN","","LN6 9QS","20180401","","","","503","","","","","","","1","","","","",""
"503PP","SWINESHEAD PRE-SCHOOL CENTRE","Y60","QJM","NORTH END","SWINESHEAD","","BOSTON","","PE20 3LZ","20180401","","","","503","","","","","","","1","","","","",""
"503PQ","FEN HOUSE","Y60","QJM","FEN LANE","NORTH HYKEHAM","","LINCOLN","","LN6 8UZ","20180401","","","","503","","","","","","","1","","","","",""
"503PR","BAILGATE PRE-SCHOOL PLAYGROUP","Y60","QJM","METHODIST CHURCH","BAILGATE","","LINCOLN","","LN1 3AR","20180401","","","","503","","","","","","","1","","","","",""
"503PT","REDCROFT DAY NURSERY","Y60","QJM","31 MAREHAM LANE","","","SLEAFORD","","NG34 7JY","20180401","","","","503","","","","","","","1","","","","",""
"503PV","HAWTONVILLE AND BALDERTON CHILDREN'S CENTRE","Y60","QT1","170 BOWBRIDGE ROAD","","","NEWARK","","NG24 4EG","20180401","","","","503","","","","","","","1","","","","",""
"503PY","SPRINGCLIFFE SURGERY","Y60","QJM","42 ST. CATHERINES","","","LINCOLN","","LN5 8LZ","20180401","","","","503","","","","","","","1","","","","",""
"503QA","STEPPING STONES NURSERY","Y60","QJM","AGNES STREET","","","GRANTHAM","","NG31 6QP","20180401","","","","503","","","","","","","1","","","","",""
"503QC","LINCOLN CENTRAL CHILDREN'S CENTRE","Y60","QJM","ST. ANDREWS CLOSE","","","LINCOLN","","LN5 7XT","20180401","","","","503","","","","","","","1","","","","",""
"503QD","WARREN FAMILY CENTRE","Y60","QJM","NORTH WARREN ROAD","","","GAINSBOROUGH","","DN21 2TT","20180401","","","","503","","","","","","","1","","","","",""
"503QE","GRIMSBY TOWN HALL","Y63","QOQ","TOWN HALL SQUARE","","","GRIMSBY","","DN31 1HX","20180401","","","","503","","","","","","","1","","","","",""
"503QF","CHURCH SQUARE HOUSE","Y63","QOQ","30-40 CHURCH SQUARE","","","SCUNTHORPE","","DN15 6NL","20180401","","","","503","","","","","","","1","","","","",""
"503QG","FUN FARM DAY NURSERY","Y60","QJM","STEPHENSON ROAD","NORTH HYKEHAM","","LINCOLN","","LN6 3QU","20180401","","","","503","","","","","","","1","","","","",""
"503QH","TREETOPS CATERPILLAR NURSERY","Y60","QJM","100 BRIDGE STREET","DEEPING ST. JAMES","","PETERBOROUGH","","PE6 8EH","20180401","","","","503","","","","","","","1","","","","",""
"503QJ","HEADSTART NURSERY","Y60","QJM","TOWNGATE EAST","MARKET DEEPING","","PETERBOROUGH","","PE6 8LQ","20180401","","","","503","","","","","","","1","","","","",""
"503QK","ANCASTER VILLAGE HALL","Y60","QJM","ERMINE STREET","ANCASTER","","GRANTHAM","","NG32 3PW","20180401","","","","503","","","","","","","1","","","","",""
"503QL","ROCKING HORSE NURSERY","Y60","QJM","85 RUTLAND ROAD","","","STAMFORD","","PE9 1UP","20180401","","","","503","","","","","","","1","","","","",""
"503QM","YMCA BEGINNINGS DAY CARE","Y60","QJM","PARK SPRINGS ROAD","","","GAINSBOROUGH","","DN21 1NY","20180401","","","","503","","","","","","","1","","","","",""
"503QN","HAVEN COTTAGE RESPITE CARE CENTRE","Y60","QJM","KITWOOD ROAD","","","BOSTON","","PE21 0PX","20180401","","","","503","","","","","","","1","","","","",""
"503QP","SMARTIE PANTS DAY NURSERY","Y60","QJM","RUSKIN ROAD","","","MABLETHORPE","","LN12 1BP","20180401","","","","503","","","","","","","1","","","","",""
"503QQ","LOUTH HOSPICE","Y60","QJM","GRIMSBY ROAD","","","LOUTH","","LN11 0SX","20180401","","","","503","","","","","","","1","","","","",""
"503QR","MARKET DEEPING POLICE STATION","Y60","QJM","DOUGLAS ROAD","MARKET DEEPING","","PETERBOROUGH","","PE6 8PA","20180401","","","","503","","","","","","","1","","","","",""
"503QT","PUDDLE DUCKS PRE SCHOOL","Y60","QJM","ABBEY FARM","CHURCH LANE","ALVINGHAM","LOUTH","","LN11 0QD","20180401","","","","503","","","","","","","1","","","","",""
"503QV","HONEYPOT DAY NURSERY","Y60","QJM","230 BROADGATE","WESTON HILLS","","SPALDING","","PE12 6DQ","20180401","","","","503","","","","","","","1","","","","",""
"503QY","TLC TEACHING AND LEARNING CENTRE","Y60","QJM","SEAHOLME ROAD","","","MABLETHORPE","","LN12 2DF","20180401","","","","503","","","","","","","1","","","","",""
"503RA","HEATH FARM DAY NURSERY","Y60","QJM","HEATH ROAD","DUNHOLME","","LINCOLN","","LN2 3QD","20180401","","","","503","","","","","","","1","","","","",""
"503RC","ALFORD ACCESS CENTRE","Y60","QJM","47 WEST STREET","","","ALFORD","","LN13 9EZ","20180401","","","","503","","","","","","","1","","","","",""
"503RD","THE MULBERRY BUSH DAY NURSERY","Y60","QJM","47 MAIN ROAD","UFFINGTON","","STAMFORD","","PE9 4SN","20180401","","","","503","","","","","","","1","","","","",""
"503RE","THURLBY PRE-SCHOOL","Y60","QJM","NORTHORPE","THURLBY","","BOURNE","","PE10 0HJ","20180401","","","","503","","","","","","","1","","","","",""
"503RF","THE HAVEN NACRO EDUCATION CENTRE","Y60","QJM","2 SOUTH STREET","","","BOSTON","","PE21 6HE","20180401","","","","503","","","","","","","1","","","","",""
"503RG","BAUMBER TEACHING AND LEARNING CENTRE","Y60","QJM","LINCOLN ROAD","BAUMBER","","HORNCASTLE","","LN9 5ND","20180401","","","","503","","","","","","","1","","","","",""
"503RH","GREETWELL - LINCOLN","Y60","QJM","GREETWELL ROAD","","","LINCOLN","","LN2 4BD","20180401","","","","503","","","","","","","1","","","","",""
"503RJ","COMMUNITY LEARNING IN PARTNERSHIP (CLIP)","Y60","QJM","SEACROFT ROAD","","","MABLETHORPE","","LN12 2DR","20180401","","","","503","","","","","","","1","","","","",""
"503RK","PORTLAND STREET KINDERGARTEN","Y60","QJM","35 TENTERCROFT STREET","","","LINCOLN","","LN5 7DB","20180401","","","","503","","","","","","","1","","","","",""
"503RL","FIRST STEPS NURSERY","Y60","QJM","MEADOWBROOK","RUSKINGTON","","SLEAFORD","","NG34 9FJ","20180401","","","","503","","","","","","","1","","","","",""
"503RM","LONG BENNINGTON MEDICAL CENTRE","Y60","QJM","10 VALLEY LANE","LONG BENNINGTON","","NEWARK","","NG23 5FR","20180401","","","","503","","","","","","","1","","","","",""
"503RN","BOURNE GALLETLY PRACTICE","Y60","QJM","40 NORTH ROAD","","","BOURNE","","PE10 9BT","20180401","","","","503","","","","","","","1","","","","",""
"503RP","PENNYGATE HEALTH CENTRE","Y60","QJM","210 PENNYGATE","","","SPALDING","","PE11 1LT","20180401","","","","503","","","","","","","1","","","","",""
"503RQ","GIRLS FRIENDLY SOCIETY(GFS)","Y60","QJM","3 SAXBY AVENUE","","","SKEGNESS","","PE25 3JZ","20180401","","","","503","","","","","","","1","","","","",""
"503RR","ALBION HOUSE DAY NURSERY","Y60","QJM","9 ALBION STREET","","","GRANTHAM","","NG31 8BG","20180401","","","","503","","","","","","","1","","","","",""
"503RT","LITTLE LEAPS DAY NURSERY","Y60","QJM","GONERBY ROAD","GONERBY HILL FOOT","","GRANTHAM","","NG31 8HQ","20180401","","","","503","","","","","","","1","","","","",""
"503RV","METHERINGHAM VILLAGE HALL","Y60","QJM","FEN ROAD","METHERINGHAM","","LINCOLN","","LN4 3AA","20180401","","","","503","","","","","","","1","","","","",""
"503RY","THE WILLOWS NURSERY","Y60","QJM","OLD MAIN ROAD","FLEET HARGATE","HOLBEACH","SPALDING","","PE12 8LL","20180401","","","","503","","","","","","","1","","","","",""
"503TA","CHERRY CHERRUBS","Y60","QJM","7 FRANKLIN WAY","CHERRY WILLINGHAM","","LINCOLN","","LN3 4GL","20180401","","","","503","","","","","","","1","","","","",""
"503TC","CLIFF HOUSE","Y60","QJM","82 BURTON ROAD","","","LINCOLN","","LN1 3LJ","20180401","","","","503","","","","","","","1","","","","",""
"503TD","QUARRINGTON PRE-SCHOOL","Y60","QJM","GRANTHAM ROAD","","","SLEAFORD","","NG34 7NB","20180401","","","","503","","","","","","","1","","","","",""
"503TE","SLEAFORD DAY NURSERY","Y60","QJM","THE DROVE","","","SLEAFORD","","NG34 7AP","20180401","","","","503","","","","","","","1","","","","",""
"503TF","CARLTON DAY NURSERY","Y60","QJM","THE CARLTON CENTRE","OUTER CIRCLE ROAD","","LINCOLN","","LN2 4WA","20180401","","","","503","","","","","","","1","","","","",""
"503TG","PINCHBECK PENGUINS","Y60","QJM","KNIGHT STREET","PINCHBECK","","SPALDING","","PE11 3RA","20180401","","","","503","","","","","","","1","","","","",""
"503TH","WOODLANDS NURSERY","Y60","QJM","MILL LANE","","","WOODHALL SPA","","LN10 6QZ","20180401","","","","503","","","","","","","1","","","","",""
"503TJ","ANCASTER VILLAGE NURSERY","Y60","QJM","12A ERMINE STREET","ANCASTER","","GRANTHAM","","NG32 3PP","20180401","","","","503","","","","","","","1","","","","",""
"503TK","HEREWARD HALL","Y61","S1Y5D","COUNTY ROAD","","","MARCH","","PE15 8NE","20180401","","","","503","","","","","","","1","","","","",""
"503TL","LITTLE CHERUBS NURSERY","Y60","QJM","16 BROAD STREET","","","STAMFORD","","PE9 1PG","20180401","","","","503","","","","","","","1","","","","",""
"503TM","WELLAND WORKSPACE","Y60","QJM","10 PINCHBECK ROAD","","","SPALDING","","PE11 1QD","20180401","","","","503","","","","","","","1","","","","",""
"503TN","HORNCASTLE - BEARHUGS NURSERY","Y60","QJM","SOUTH STREET","","","HORNCASTLE","","LN9 6DT","20180401","","","","503","","","","","","","1","","","","",""
"503TP","MYLE CROSS CENTRE","Y60","QJM","MACAULAY DRIVE","","","LINCOLN","","LN2 4EL","20180401","","","","503","","","","","","","1","","","","",""
"503TQ","BIRCHWOOD MEDICAL PRACTICE","Y60","QJM","JASMIN ROAD","","","LINCOLN","","LN6 0QQ","20180401","","","","503","","","","","","","1","","","","",""
"503TR","GRANTHAM HEALTH CLINIC","Y60","QJM","ST CATHERINES ROAD","","","GRANTHAM","","NG31 6TT","20180401","","","","503","","","","","","","1","","","","",""
"503TV","STAMFORD AND RUTLAND HOSPITAL","Y60","QJM","RYHALL ROAD","","","STAMFORD","","PE9 1UA","20180401","","","","503","","","","","","","1","","","","",""
"503TY","SKEGNESS HEALTH CLINIC","Y60","QJM","CECIL AVENUE","","","SKEGNESS","","PE25 2BX","20180401","","","","503","","","","","","","1","","","","",""
"503VA","PILGRIM HOSPITAL","Y60","QJM","SIBSEY ROAD","","","BOSTON","","PE21 9QS","20180401","","","","503","","","","","","","1","","","","",""
"503VC","LINCOLN COUNTY HOSPITAL","Y60","QJM","GREETWELL ROAD","","","LINCOLN","","LN2 5QY","20180401","","","","503","","","","","","","1","","","","",""
"503VD","WALK IN CENTRE","Y60","QJM","63 MONKS ROAD","","","LINCOLN","","LN2 5HP","20180401","","","","503","","","","","","","1","","","","",""
"503VE","BOURNE HEALTH CLINIC","Y60","QJM","ST GILBERTS ROAD","","","BOURNE","","PE10 9XA","20180401","","","","503","","","","","","","1","","","","",""
"503VF","HORNCASTLE WAR MEMORIAL HOSPITAL","Y60","QJM","NORTH STREET","","","HORNCASTLE","","LN9 5DX","20180401","","","","503","","","","","","","1","","","","",""
"503VG","BOULTHAM PARK MEDICAL PRACTICE","Y60","QJM","BOULTHAM PARK ROAD","","","LINCOLN","","LN6 7SS","20180401","","","","503","","","","","","","1","","","","",""
"503VH","NETTLEHAM MEDICAL PRACTICE","Y60","QJM","14 LODGE LANE","NETTLEHAM","","LINCOLN","","LN2 2RS","20180401","","","","503","","","","","","","1","","","","",""
"503VJ","SAXILBY HEALTH CENTRE","Y60","QJM","SYKES LANE","SAXILBY","","LINCOLN","","LN1 2NU","20180401","","","","503","","","","","","","1","","","","",""
"503VK","STAMFORD CLINIC","Y60","QJM","RYHALL ROAD","","","STAMFORD","","PE9 1TU","20180401","","","","503","","","","","","","1","","","","",""
"503VL","MARKET DEEPING HEALTH CENTRE","Y60","QJM","GODSEY LANE","MARKET DEEPING","","PETERBOROUGH","","PE6 8DD","20180401","","","","503","","","","","","","1","","","","",""
"503VM","CAISTOR HEALTH CLINIC","Y60","QJM","DALE VIEW","CAISTOR","","MARKET RASEN","","LN7 6NX","20180401","","","","503","","","","","","","1","","","","",""
"503VN","GRACE SWAN HEALTH CLINIC","Y60","QJM","MAIN ROAD","HUNDLEBY","","SPILSBY","","PE23 5LS","20180401","","","","503","","","","","","","1","","","","",""
"503VP","TASBURGH LODGE SURGERY","Y60","QJM","30 VICTORIA AVENUE","","","WOODHALL SPA","","LN10 6TX","20180401","","","","503","","","","","","","1","","","","",""
"503VQ","MERTON LODGE SRUGERY","Y60","QJM","33 WEST STREET","","","ALFORD","","LN13 9HT","20180401","","","","503","","","","","","","1","","","","",""
"503VR","CINDERASH PRE SCHOOL (NURSERY)","Y60","QJM","PARK ROAD","LONG SUTTON","","SPALDING","","PE12 9DJ","20180401","","","","503","","","","","","","1","","","","",""
"503VT","CAYTHORPE CHILDREN CENTRE","Y60","QJM","HIGH STREET","CAYTHORPE","","GRANTHAM","","NG32 3DR","20180401","","","","503","","","","","","","1","","","","",""
"503VV","HEMSWELL CLIFF CHILDRENS CENTRE","Y60","QJM","CAPPER AVENUE","HEMSWELL CLIFF","","GAINSBOROUGH","","DN21 5XS","20180401","","","","503","","","","","","","1","","","","",""
"503VW","KEILY HOUSE","Y60","QJM","GRESLEY ROAD","","","LOUTH","","LN11 8FG","20180401","","","","503","","","","","","","1","","","","",""
"503VX","MABLETHORPE CHILDREN CENTRE","Y60","QJM","STANLEY AVENUE","","","MABLETHORPE","","LN12 1DP","20180401","","","","503","","","","","","","1","","","","",""
"503VY","MARKET DEEPING CHILDRENS CENTRE","Y60","QJM","WILLOUGHBY AVENUE","MARKET DEEPING","","PETERBOROUGH","","PE6 8JE","20180401","","","","503","","","","","","","1","","","","",""
"503WA","SPINNING TOPS DAY NURSERY","Y60","QJM","ALGITHA ROAD","","","SKEGNESS","","PE25 2AG","20180401","","","","503","","","","","","","1","","","","",""
"503WC","THE CHAPPELL CENTRE SPALDING","Y60","QJM","PINCHBECK ROAD","","","SPALDING","","PE11 1QF","20180401","","","","503","","","","","","","1","","","","",""
"503WD","GOSBERTON MEDICAL CENTRE","Y60","QJM","LOWGATE","GOSBERTON","","SPALDING","","PE11 4NL","20181001","","","","503","","","","","","","1","","","","",""
"503WE","CARHOLME COURT","Y60","QJM","LONG LEYS ROAD","","","LINCOLN","","LN1 1FS","20181001","","","","503","","","","","","","1","","","","",""
"503WF","THE OLD BARRACKS","Y60","QJM","SANDON ROAD","","","GRANTHAM","","NG31 9AS","20181001","","","","503","","","","","","","1","","","","",""
"503WG","SUNFLOWER LODGE CHILD CARE","Y60","QJM","APEX COURT","PINCHBECK","","SPALDING","","PE11 3UL","20181001","","","","503","","","","","","","1","","","","",""
"503WH","KIRTON FIRE STATION","Y60","QJM","STATION ROAD","KIRTON","","BOSTON","","PE20 1EF","20181001","","","","503","","","","","","","1","","","","",""
"503WJ","PILGRIM SCHOOL","Y60","QJM","SUTTERTON DROVE","AMBER HILL","","BOSTON","","PE20 3RF","20181001","","","","503","","","","","","","1","","","","",""
"503WK","WRAGBY PRIMARY SCHOOL - HANSARDS HIVE","Y60","QJM","SILVER STREET","WRAGBY","","MARKET RASEN","","LN8 5PJ","20181001","","","","503","","","","","","","1","","","","",""
"503WL","SPRING NURSERY","Y60","QJM","NEWHALL HOUSE","HIGH DYKE","WADDINGTON","LINCOLN","","LN5 9NJ","20181001","","","","503","","","","","","","1","","","","",""
"503WM","BUSY BEAN CAFE","Y60","QJM","25 MARKET PLACE","LONG SUTTON","","SPALDING","","PE12 9JF","20181001","","","","503","","","","","","","1","","","","",""
"503WN","PAPERMOON DAY NURSERY","Y60","QJM","JASMIN ROAD","","","LINCOLN","","LN6 0QQ","20181001","","","","503","","","","","","","1","","","","",""
"504AA","SUPPORTING INDEPENDENCE PROGRAMME","Y60","QPM","ONE ANGEL SQUARE","4 ANGEL STREET","","NORTHAMPTON","","NN1 1ED","20191001","20210331","","","504","","","","","","","1","","","","",""
"506AA","PUBLIC HEALTH DERBYSHIRE COUNTY COUNCIL","Y60","QJ2","COUNTY HALL","SMEDLEY STREET","","MATLOCK","","DE4 3AG","20141001","","","","506","","","","","","","1","","","","",""
"508AA","COUNTY HALL","Y60","QK1","LEICESTER ROAD","GLENFIELD","","LEICESTER","","LE3 8RA","20181001","","","","508","","","","","","","1","","","","",""
"508AC","ROMULUS COURT","Y60","QK1","MERIDIAN BUSINESS PARK","","","LEICESTER","","LE19 1YG","20181001","","","","508","","","","","","","1","","","","",""
"509AA","LEICESTER SOCIAL SERVICES DIRECTORATE","Y60","QK1","CITY HALL","115 CHARLES STREET","","LEICESTER","","LE1 1FZ","20141001","20211018","","","509","","","","","","","1","","","","",""
"509AC","LEICESTER CITY COUNCIL PUBLIC HEALTH","Y60","QK1","CITY HALL","115 CHARLES STREET","","LEICESTER","","LE1 1FZ","20141001","20211018","","","509","","","","","","","1","","","","",""
"509AD","CITY LEARNING CENTRE","Y60","QK1","401 ANSTEY LANE","","","LEICESTER","","LE4 0EJ","20190401","20211018","","","509","","","","","","","1","","","","",""
"511AA","MILLENNIUM WAY (DATA CENTRE)","Y60","QJ2","NODE4 LTD, UNIT 1A-1B","MILLENNIUM WAY","PRIDE PARK","DERBY","","DE24 8HZ","20181001","","","","511","","","","","","","1","","","","",""
"511AC","COUNTY HALL","Y60","QT1","LOUGHBOROUGH ROAD","WEST BRIDGFORD","","NOTTINGHAM","","NG2 7QP","20181001","","","","511","","","","","","","1","","","","",""
"512AA","WOODTHORPE PARK DATA CENTRE","Y60","QT1","WOODTHORPE PARK","WOODTHORPE DRIVE","","NOTTINGHAM","","NG5 4HA","20190401","","","","512","","","","","","","1","","","","",""
"608AA","OXFORDSHIRE COUNTY COUNCIL - COUNTY HALL","Y59","S0E4D","COUNTY HALL","NEW ROAD","","OXFORD","","OX1 1ND","20151001","","","","608","","","","","","","1","","","","",""
"608AC","OXFORDSHIRE COUNTY COUNCIL - JUBILEE HOUSE","Y59","S0E4D","JUBILEE HOUSE","5510 JOHN SMITH DRIVE","OXFORD BUSINESS PARK SOUTH","OXFORD","","OX4 2LH","20151001","","","","608","","","","","","","1","","","","",""
"609AA","SUFFOLK HEALTH WELLBEING & CHILDRENS SERVICES","Y61","T6Y0W","ENDEAVOUR HOUSE","RUSSELL ROAD","","IPSWICH","","IP1 2BX","20180401","","","","609","","","","","","","1","","","","",""
"611AA","LBC DATACENTRE","Y61","S1Y5D","16- 24 CRAWLEY GREEN ROAD","","","LUTON","","LU2 0QX","20151001","","","","611","","","","","","","1","","","","",""
"611AC","EQUINIX MANCHESTER","Y62","QOP","REYNOLDS HOUSE","4 ARCHWAY","","MANCHESTER","","M15 5RL","20190401","","","","611","","","","","","","1","","","","",""
"615AA","MARKET STREET COUNCIL OFFICES","Y59","S0E4D","WEST BERKSHIRE DISTRICT COUNCIL","COUNCIL OFFICE","MARKET STREET","NEWBURY","","RG14 5LD","20180401","","","","615","","","","","","","1","","","","",""
"616AA","READING CIVIC OFFICES","Y59","S0E4D","BRIDGE STREET","","","READING","","RG1 2LU","20181001","","","","616","","","","","","","1","","","","",""
"618AA","ROYAL BOROUGH OF WINDSOR & MAIDENHEAD- TINKERS LANE","Y59","S0E4D","TINKERS DEPOT","TINKERS LANE","","WINDSOR","","SL4 4LR","20181001","","","","618","","","","","","","1","","","","",""
"623AC","CAMBRIDGE COUNTY COUNCIL PUBLIC HEALTH TEAM","Y61","S1Y5D","CC1318","SHIRE HALL","","CAMBRIDGE","","CB3 0AP","20130401","","","","623","","","","","","","1","","","","",""
"702AA","CAMDEN SOCIAL SERVICES DIRECTORATE","Y56","Z9B2Z","TOWN HALL","JUDD STREET","","LONDON","","WC1H 9JE","20130401","","","","702","","","","","","","1","","","","",""
"704AA","HACKNEY SOCIAL SERVICES DIRECTORATE","Y56","QMF","TOWN HALL","MARE STREET","","LONDON","","E8 1EA","20130401","","","","704","","","","","","","1","","","","",""
"706AA","ISLINGTON SOCIAL SERVICES DIRECTORATE","Y56","Z9B2Z","222 UPPER STREET","ISLINGTON","","LONDON","","N1 1XR","20130401","","","","706","","","","","","","1","","","","",""
"711AA","TOWER HAMLETS SOCIAL SERVICES DIRECTORATE","Y56","QMF","TOWN HALL","MULBERRY PLACE","5 CLOVE CRESCENT","LONDON","","E14 2BG","20130401","","","","711","","","","","","","1","","","","",""
"711AC","LONDON BOROUGH OF TOWER HAMLETS PUBLIC HEALTH","Y56","QMF","4TH FLOOR","MULBERRY PLACE","5 CLOVE CRESCENT","LONDON","","E14 2BG","20170401","","","","711","","","","","","","1","","","","",""
"714AA","CORPORATION OF THE CITY OF LONDON - DEPARTMENT OF COMMUNITY AND CHILDREN SERVICES","Y56","Z9B2Z","CITY OF LONDON","GUILDHALL","","LONDON","","EC2P 2EJ","20171001","","","","714","","","","","","","1","","","","",""
"717AA","LONDON BOROUGH OF BARNET - HENDON","Y56","Z9B2Z","THE BURROUGHS","HENDON","","LONDON","","NW4 4BG","20200401","","","","717","","","","","","","1","","","","",""
"717AC","LONDON BOROUGH OF BARNET - COLINDALE","Y56","Z9B2Z","2 BRISTOL AVENUE","COLINDALE","","LONDON","","NW9 4EW","20200401","","","","717","","","","","","","1","","","","",""
"718AC","LONDON BOROUGH OF BEXLEY PUBLIC HEALTH TEAM","Y56","QKK","2A HADLOW ROAD","","","SIDCUP","","DA14 4AF","20131001","","","","718","","","","","","","1","","","","",""
"723AA","ENFIELD SOCIAL SERVICES DIRECTORATE","Y56","Z9B2Z","CIVIC CENTRE","SILVER STREET","","ENFIELD","","EN1 3ES","20130401","","","","723","","","","","","","1","","","","",""
"724AA","HARINGEY SOCIAL SERVICES DIRECTORATE","Y56","Z9B2Z","CIVIC CENTRE","HIGH ROAD","WOOD GREEN","LONDON","","N22 9SA","20130401","","","","724","","","","","","","1","","","","",""
"726AA","HAVERING COUNCIL SECONDARY LINK","Y56","QMF","BRIDGE ROAD DEPOT","ABBEY ROAD","","LONDON","","E15 3LX","20200401","","","","726","","","","","","","1","","","","",""
"729AA","ADULT SOCIAL CARE - KINGSTON UPON THAMES","Y56","QWE","GUILDHALL","HIGH STREET","","KINGSTON UPON THAMES","","KT1 1EU","20141001","","","","729","","","","","","","1","","","","",""
"731AA","NEWHAM SOCIAL SERVICES DIRECTORATE","Y56","QMF","NEWHAM TOWN HALL","BARKING ROAD","EAST HAM","LONDON","","E6 2RP","20130401","","","","731","","","","","","","1","","","","",""
"731AC","LONDON BOROUGH OF NEWHAM SECONDARY LINK","Y56","QMF","HAVERING TOWN HALL","MAIN ROAD","","ROMFORD","","RM1 3BB","20200401","","","","731","","","","","","","1","","","","",""
"734AA","CHILDREN'S SOCIAL SERVICES DEPARTMENT","Y56","QWE","LONDON BOROUGH OF SUTTON","CIVIC OFFICES","ST. NICHOLAS WAY","SUTTON","","SM1 1EA","20170401","","","","734","","","","","","","1","","","","",""
"735AA","THE CENTRAL LIBRARY","Y56","QMF","CENTRAL LIBRARY","HIGH STREET","","LONDON","","E17 7JN","20190401","","","","735","","","","","","","1","","","","",""
"805AA","DATA CENTRE","Y59","S9B9J","UNIT 16, 17 & 18","SALBROOK INDUSTRIAL PARK","","REDHILL","","RH1 5GJ","20141001","","","","805","","","","","","","1","","","","",""
"807AA","WSCC DATA CENTRE","Y59","S9B9J","POWER PLACE","TERMINUS ROAD","","CHICHESTER","","PO19 8UJ","20181001","","","","807","","","","","","","1","","","","",""
"809AA","DORSET COUNTY COUNCIL PUBLIC HEALTH","Y58","QVV","THIRD FLOOR EAST","VESPASIAN HOUSE","BARRACK ROAD","DORCHESTER","","DT1 1TF","20131001","","","","809","","","","","","","1","","","","",""
"812AA","HCC WINCHESTER DATA CENTRE","Y59","QRL","THE CASTLE","CASTLE AVENUE","","WINCHESTER","","SO23 8UJ","20181001","","","","812","","","","","","","1","","","","",""
"813AA","PORTSMOUTH CITY COUNCIL PUBLIC HEALTH","Y59","QRL","CIVIC OFFICES","GUILDHALL SQUARE","","PORTSMOUTH","","PO1 2EP","20140401","","","","813","","","","","","","1","","","","",""
"815AA","EAST SUSSEX COUNCIL PUBLIC HEALTH","Y59","S9B9J","COUNTY HALL","ST. ANNES CRESCENT","","LEWES","","BN7 1UE","20130401","","","","815","","","","","","","1","","","","",""
"815AC","EAST SUSSEX SPOA","Y59","S9B9J","ST. MARKS HOUSE","14 UPPERTON ROAD","","EASTBOURNE","","BN21 1NN","20191001","","","","815","","","","","","","1","","","","",""
"815AD","I-ROCK HASTINGS","Y59","S9B9J","ROCK HOUSE","49-51 CAMBRIDGE ROAD","","HASTINGS","","TN34 1DT","20191001","","","","815","","","","","","","1","","","","",""
"815AE","I-ROCK EASTBOURNE","Y59","S9B9J","GREENCOAT HOUSE","32 ST. LEONARDS ROAD","","EASTBOURNE","","BN21 3UT","20191001","","","","815","","","","","","","1","","","","",""
"815AF","I-ROCK NEWHAVEN","Y59","S9B9J","DENTON ISLAND COMMUNITY CENTRE","DENTON ISLAND","","NEWHAVEN","","BN9 9BA","20191001","","","","815","","","","","","","1","","","","",""
"817AA","WILTSHIRE COUNCIL PDC","Y58","QOX","COUNTY HALL","BYTHESEA ROAD","","TROWBRIDGE","","BA14 8JN","20181001","","","","817","","","","","","","1","","","","",""
"817AC","WILTSHIRE COUNCIL SDC","Y58","QOX","MONKTON PARK","","","CHIPPENHAM","","SN15 1ER","20181001","","","","817","","","","","","","1","","","","",""
"819AA","ON TRAK","Y58","QOX","CLARENCE HOUSE","EUCLID STREET","","SWINDON","","SN1 2SG","20191001","","","","819","","","","","","","1","","","","",""
"819CH","SWINDON CHILD HEALTH","Y58","QOX","SWINDON CHILDRENS SERVICES","1ST FLOOR","EUCLID STREET","SWINDON","","SN1 2JH","20141001","","","","819","","","","","","","1","","","","",""
"902AA","PUBLIC HEALTH","Y58","QT6","COUNTY HALL","TREYEW ROAD","","TRURO","","TR1 3AY","20150401","","","","902","","","","","","","1","","","","",""
"904AA","MDS SPRING PARK SITE","Y58","QOX","SPRING PARK","WESTWELLS ROAD","HAWTHORN","CORSHAM","","SN13 9GB","20160401","","","","904","","","","","","","1","","","","",""
"908AC","BATH AND NORTH EAST SOMERSET COUNCIL PUBLIC HEALTH TEAM","Y58","QOX","ST. MARTINS HOSPITAL","MIDFORD ROAD","","BATH","","BA2 5RP","20130401","","","","908","","","","","","","1","","","","",""
"908AD","KINGSMEAD BT EXCHANGE","Y58","QOX","KINGSMEAD TELEPHONE EXCHANGE","MONMOUTH STREET","","BATH","","BA1 2AL","20181001","","","","908","","","","","","","1","","","","",""
"908AE","KEYNSHAM CIVIC CENTRE","Y58","QOX","MARKET WALK","KEYNSHAM","","BRISTOL","","BS31 1FS","20181001","","","","908","","","","","","","1","","","","",""
"A0B4E","COLWELL CENTRE FOR ARTS AND EDUCATION","Y58","QR1","DERBY ROAD","","","GLOUCESTER","","GL1 4AD","20210401","","","","904","","","","","","","1","","","","",""
"A0X8J","UP HATHERLEY LIBRARY","Y58","QR1","MORRISONS CENTRE","CAERNARVON ROAD","","CHELTENHAM","","GL51 3BW","20210401","","","","904","","","","","","","1","","","","",""
"A0X9G","STONEHOUSE LIBRARY","Y58","QR1","HIGH STREET","","","STONEHOUSE","","GL10 2NG","20210401","","","","904","","","","","","","1","","","","",""
"A3Q5K","MITCHELDEAN LIBRARY","Y58","QR1","HIGH STREET","","","MITCHELDEAN","","GL17 0HN","20210401","","","","904","","","","","","","1","","","","",""
"A6M6P","HIGHWAYS DEPOT CANNOP","Y58","QR1","MAINTENANCE DEPOT","CANNOP","","COLEFORD","","GL16 7EH","20210401","","","","904","","","","","","","1","","","","",""
"A6V4V","MERSEYTRAVEL GEORGES DOCK","Y62","QYG","GEORGES DOCK BUILDING","GEORGE'S DOCK WAY","","LIVERPOOL","","L3 1DD","20201001","","","","319","","","","","","","1","","","","",""
"A6Y6X","CHURCHDOWN LIBRARY","Y58","QR1","PARTON ROAD","CHURCHDOWN","","GLOUCESTER","","GL3 2AF","20210401","","","","904","","","","","","","1","","","","",""
"A7G2M","INFORMATION TECHNOLOGIES SERVICE - DATA CENTRE","Y62","QYG","BAIRD HOUSE","360 EDGE LANE","FAIRFIELD","LIVERPOOL","","L7 9NJ","20240927","","","","315","","","","","","","1","","","","",""
"A9A4S","GEORGE MOORE / BOURTON LIBRARY","Y58","QR1","APPLEDORE","MOORE ROAD","BOURTON-ON-THE-WATER","CHELTENHAM","","GL54 2AZ","20210401","","","","904","","","","","","","1","","","","",""
"B3H2D","NELC - WILLIAM MOLSON CENTRE - SAIS COVID VACCINATION SERVICE","Y63","QOQ","WILLIAM MOLSON CENTRE","KENT STREET","","GRIMSBY","","DN32 7DJ","20210401","20230228","","","216","","","","","","","1","","","","",""
"B5F7C","NORFOLK COUNTY COUNCIL - CHILDREN'S SERVICES","Y61","T6Y0W","COUNTY HALL","MARTINEAU LANE","","NORWICH","","NR1 2DH","20211001","","","","607","","","","","","","1","","","","",""
"B6I1G","WAKEFIELD CYP BUSINESS INTELLIGENCE AND REPORTING","Y63","QWO","WAKEFIELD ONE","BURTON STREET","","WAKEFIELD","","WF1 2EB","20250306","","","","213","","","","","","","1","","","","",""
"B7C3P","SYWELL COUNTRY PARK","Y60","QPM","WASHBROOK LANE","ECTON","","NORTHAMPTON","","NN6 0QX","20211001","","","","Z9D4Z","","","","","","","1","","","","",""
"C1P2W","HIGHWAY DEPOT CIRENCESTER","Y58","QR1","2 LOVE LANE","","","CIRENCESTER","","GL7 1YG","20210401","","","","904","","","","","","","1","","","","",""
"C5Y5V","OAKLEY ANNEX","Y58","QR1","CLYDE CRESCENT","","","CHELTENHAM","","GL52 5QH","20210401","","","","904","","","","","","","1","","","","",""
"C7C3Y","0-19 PUBLIC HEALTH NURSING SERVICE","Y63","QF7","WESTGATE PLAZA ONE","WESTGATE","","BARNSLEY","","S70 2DR","20240620","","","","204","","","","","","","1","","","","",""
"C7S0Y","GLOUCESTER RECORDS OFFICE","Y58","QR1","GLOUCESTER ARCHIVES","CLARENCE ROW","ALVIN STREET","GLOUCESTER","","GL1 3DW","20210401","","","","904","","","","","","","1","","","","",""
"C8J8Y","NAILSWORTH LIBRARY","Y58","QR1","OLD MARKET","NAILSWORTH","","STROUD","","GL6 0DU","20210401","","","","904","","","","","","","1","","","","",""
"C9A6Q","WEST YORKSHIRE LIAISON & DIVERSION AND RECONNECT SERVICE","Y63","QWO","5 WEST PARADE","","","WAKEFIELD","","WF1 1LT","20230401","20250331","","","213","","","","","","","1","","","","",""
"D2J4C","CYP FAMILY FOCUS TEAM","Y58","QR1","2-4 DEEP STREET","PRESTBURY","","CHELTENHAM","","GL52 3AN","20220401","","","","904","","","","","","","1","","","","",""
"D4X1B","CHELTENHAM LIBRARY CAMPUS","Y58","QR1","CLARENCE STREET","","","CHELTENHAM","","GL50 3JT","20210401","","","","904","","","","","","","1","","","","",""
"D7X8T","COUNTY OFFICES CHELTENHAM","Y58","QR1","ST. GEORGES ROAD","","","CHELTENHAM","","GL50 3EW","20210401","","","","904","","","","","","","1","","","","",""
"E1C7S","ARK ENFIELD (MPK)","Y56","Z9B2Z","MERIDIAN TECHNOLOGY PARK","10 ARDRA ROAD","","LONDON","","N9 0BD","20240404","","","","724","","","","","","","1","","","","",""
"E2B0X","EAST SUSSEX SWIFT","Y59","S9B9J","ST. MARKS HOUSE","14 UPPERTON ROAD","","EASTBOURNE","","BN21 1NN","20210401","","","","815","","","","","","","1","","","","",""
"E3X4Y","STROUD YOUTH CENTRE","Y58","QR1","RYELEAZE ROAD","","","STROUD","","GL5 1JR","20210401","","","","904","","","","","","","1","","","","",""
"E5G9P","TUFFLEY LIBRARY","Y58","QR1","WINDSOR DRIVE","TUFFLEY","","GLOUCESTER","","GL4 0RT","20210401","","","","904","","","","","","","1","","","","",""
"E6X6B","OAKLEY AOC","Y58","QR1","ISBOURNE ROAD","","","CHELTENHAM","","GL52 5QG","20210401","","","","904","","","","","","","1","","","","",""
"E8U4S","COMMUNITY LINK WORKERS - WIGAN COUNCIL","Y62","QOP","LIFE CENTRE SOUTH","COLLEGE AVENUE","","WIGAN","","WN1 1NJ","20201001","","","","313","","","","","","","1","","","","",""
"F3I2C","REDWELL HOUSE","Y58","QR1","55A REDWELL ROAD","MATSON","","GLOUCESTER","","GL4 6JH","20240816","","","","904","","","","","","","1","","","","",""
"F3K3A","STOW ON THE WOLD LIBRARY","Y58","QR1","THE SQUARE","STOW ON THE WOLD","","CHELTENHAM","","GL54 1AF","20210401","","","","904","","","","","","","1","","","","",""
"F6I2E","CINDERFORD LIBRARY","Y58","QR1","BELLE VUE ROAD","","","CINDERFORD","","GL14 2BZ","20210401","","","","904","","","","","","","1","","","","",""
"F7J5N","PARLIAMENT CHILDRENS CENTRE","Y58","QR1","BISLEY OLD ROAD","","","STROUD","","GL5 1NL","20210401","","","","904","","","","","","","1","","","","",""
"G1N5X","MINCHINHAMPTON LIBRARY","Y58","QR1","SCHOOL ROAD","MINCHINHAMPTON","","STROUD","","GL6 9BP","20210401","","","","904","","","","","","","1","","","","",""
"G2C9V","THE VIBE YOUTH SUPPORT CENTRE","Y58","QR1","STANWAY ROAD","","","GLOUCESTER","","GL4 4RE","20240816","","","","904","","","","","","","1","","","","",""
"H1M9Q","WATERWELLS","Y58","QR1","WHEATSTONE COURT 15","EDT 5","TRADING STANDARDS","GLOUCESTER","","GL2 2AX","20210401","","","","904","","","","","","","1","","","","",""
"H3U1N","INDEPENDENT LIVING CENTRE","Y58","QR1","VILLAGE ROAD","","","CHELTENHAM","","GL51 0BY","20210401","","","","904","","","","","","","1","","","","",""
"H4M0J","TEWKSBURY LIBRARY","Y58","QR1","SUN STREET","","","TEWKESBURY","","GL20 5NX","20210401","","","","904","","","","","","","1","","","","",""
"H8A0Q","HQ","Y62","QYG","58 NICHOLAS STREET","","","CHESTER","","CH1 2NP","20251007","","","","327","","","","","","","1","","","","",""
"I2R9V","HIGHWAYS DEPOT MORETON","Y58","QR1","EVENLODE ROAD","","","MORETON-IN-MARSH","","GL56 0NJ","20210401","","","","904","","","","","","","1","","","","",""
"I3Q0U","LECHLADE LIBRARY","Y58","QR1","MARKET SQUARE","LECHLADE ON THAMES","","LECHLADE","","GL7 3AB","20210401","","","","904","","","","","","","1","","","","",""
"I4I5W","SALT AYRE LEISURE CENTRE","Y62","QE1","SALT AYRE LANE","","","LANCASTER","","LA1 5JS","20211001","","","","238","","","","","","","1","","","","",""
"I5B6Z","NEWENT LIBRARY","Y58","QR1","HIGH STREET","","","NEWENT","","GL18 1AN","20210401","","","","904","","","","","","","1","","","","",""
"I5O1M","PUBLIC HEALTH NURSING DEVON","Y58","QJK","CHIEF EXECUTIVE'S DIRECTORATE","COUNTY HALL","TOPSHAM ROAD","EXETER","","EX2 4QD","20240430","","","","912","","","","","","","1","","","","",""
"I7J6N","CUMBRIA COUNCIL HQ","Y63","QHM","CUMBRIA HOUSE","117 BOTCHERGATE","","CARLISLE","","CA1 1RD","20230401","","","","H6X4G","","","","","","","1","","","","",""
"J0S3U","DURSLEY LIBRARY","Y58","QR1","MAY LANE","","","DURSLEY","","GL11 4JH","20210401","","","","904","","","","","","","1","","","","",""
"J0V0Q","WOTTON UNDER EDGE","Y58","QR1","LUDGATE HILL","","","WOTTON-UNDER-EDGE","","GL12 7JJ","20210401","","","","904","","","","","","","1","","","","",""
"J2Z3Z","HAZELWOOD NEIGHBOURHOOD CENTRE","Y60","QPM","GAINSBOROUGH ROAD","","","CORBY","","NN18 0QF","20211001","","","","Z9D4Z","","","","","","","1","","","","",""
"J3B8V","CORONATION SQUARE","Y58","QR1","50-52 CORONATION SQUARE","EDINBURGH PLACE","","CHELTENHAM","","GL51 7SA","20210401","","","","904","","","","","","","1","","","","",""
"J3U9A","BREAM LIBRARY","Y58","QR1","HIGH STREET","BREAM","","LYDNEY","","GL15 6JW","20210401","","","","904","","","","","","","1","","","","",""
"J8K1Z","NEWNHAM LIBRARY","Y58","QR1","THE ARMOURY HALL","DEAN ROAD","","NEWNHAM","","GL14 1AB","20210401","","","","904","","","","","","","1","","","","",""
"J9R3A","BROCKWORTH LIBRARY","Y58","QR1","MOORFIELD ROAD","BROCKWORTH","","GLOUCESTER","","GL3 4EX","20210401","","","","904","","","","","","","1","","","","",""
"K0N0X","LYDNEY LIBRARY","Y58","QR1","HILL STREET","","","LYDNEY","","GL15 5HW","20210401","","","","904","","","","","","","1","","","","",""
"K1U1W","HIGHWAYS DEPOT STROUDWATER","Y58","QR1","STROUDWATER INTERCHANGE","FROMEBRIDGE","","GLOUCESTER","","GL2 7NJ","20210401","","","","904","","","","","","","1","","","","",""
"K2C6S","SHAND HOUSE","Y60","QJ2","DALE ROAD SOUTH","","","MATLOCK","","DE4 3RY","20201001","","","","506","","","","","","","1","","","","",""
"K2X3Q","POWERGATE (LB HARROW)","Y56","Z9B2Z","ZONES 1-8 UNIT 1","POWERGATE BUSINESS PARK","VOLT AVENUE","LONDON","","NW10 6PW","20210401","","","","725","","","","","","","1","","","","",""
"K7U2F","LONGLEVENS LIBRARY","Y58","QR1","CHURCH ROAD","LONGLEVENS","","GLOUCESTER","","GL2 0AJ","20210401","","","","904","","","","","","","1","","","","",""
"L1N7O","DEAN HOUSE","Y58","QR1","CINDERFORD AREA OFFICE","STATION STREET","","CINDERFORD","","GL14 2JF","20210401","","","","904","","","","","","","1","","","","",""
"L4E9O","STROUD LIBRARY","Y58","QR1","LANSDOWN","","","STROUD","","GL5 1BB","20210401","","","","904","","","","","","","1","","","","",""
"L9H4P","ARLE COURT TRANSPORT HUB","Y58","QR1","HATHERLEY LANE","","","CHELTENHAM","","GL51 6SY","20240816","","","","904","","","","","","","1","","","","",""
"M1T0F","FOXES BRIDGE DAY CENTRE","Y58","QR1","BILSON","","","CINDERFORD","","GL14 2LJ","20210401","","","","904","","","","","","","1","","","","",""
"M2W8I","SOUTH TYNESIDE COUNCIL (GLEN STREET)","Y63","QHM","HEBBURN CENTRAL","GLEN STREET","","HEBBURN","","NE31 1AB","20260521","","","","109","","","","","","","1","","","","",""
"M4Z3C","HARTWOOD HOUSE","Y58","QR1","BEECHES GREEN","","","STROUD","","GL5 4AE","20210401","","","","904","","","","","","","1","","","","",""
"M8M3J","HIGHWAYS DEPOT BAMFURLONG","Y58","QR1","BAMFURLONG LANE","","","CHELTENHAM","","GL51 6SU","20210401","","","","904","","","","","","","1","","","","",""
"M8P0H","GIS HEALTHCARE","Y58","QR1","BUILDING 6 UNIT B","VANTAGE POINT BUSINESS VILLAGE","","MITCHELDEAN","","GL17 0DD","20210401","","","","904","","","","","","","1","","","","",""
"N0F4E","HESTERS WAY LIBRARY","Y58","QR1","GOLDSMITH ROAD","","","CHELTENHAM","","GL51 7RT","20211001","","","","904","","","","","","","1","","","","",""
"N1D4D","WINCHCOME LIBRARY","Y58","QR1","BACK LANE","WINCHCOMBE","","CHELTENHAM","","GL54 5PZ","20210401","","","","904","","","","","","","1","","","","",""
"N3H1L","BERKELEY COMMUNITY LIBRARY","Y58","QR1","SCHOOL LANE","","","BERKELEY","","GL13 9DQ","20210401","","","","904","","","","","","","1","","","","",""
"N4T6G","TEWKSBURY AREA OFFICE","Y58","QR1","COUNCIL OFFICES","GLOUCESTER ROAD","","TEWKESBURY","","GL20 5TT","20210401","","","","904","","","","","","","1","","","","",""
"N5D9X","STROUD REGISTRAR OF BIRTHS DEATHS & MARRIAGES","Y58","QR1","THE REGISTER OFFICE","PARLIAMENT STREET","","STROUD","","GL5 1DY","20211001","","","","904","","","","","","","1","","","","",""
"N6T9H","COUNCIL OFFICES (PEMBROKE ROAD)","Y56","Z9B2Z","37 PEMBROKE ROAD","","","LONDON","","W8 6PW","20211001","","","","707","","","","","","","1","","","","",""
"N7M4V","CHARLTON KINGS","Y58","QR1","CHURCH STREET","CHARLTON KINGS","","CHELTENHAM","","GL53 8AR","20210401","","","","904","","","","","","","1","","","","",""
"N8E7O","GROSVENOR YOUTH & COMMUNITY CENTRE","Y58","QR1","GROSVENOR STREET","","","CHELTENHAM","","GL52 2SG","20210401","","","","904","","","","","","","1","","","","",""
"O0O5B","GLIC -GLOBAL LANGUAGES IMMERSION CENTRE","Y58","QR1","4-6 COMMERCIAL ROAD","","","GLOUCESTER","","GL1 2EA","20210401","","","","904","","","","","","","1","","","","",""
"O3C8S","TEWKSBURY YOUTH CENTRE","Y58","QR1","LINK ROAD","","","TEWKESBURY","","GL20 5JQ","20210401","","","","904","","","","","","","1","","","","",""
"P3T7T","PUBLIC HEALTH NURSING - DEVON COUNTY COUNCIL","Y58","QJK","COUNTY HALL","TOPSHAM ROAD","","EXETER","","EX2 4QD","20240416","20240417","","","912","","","","","","","1","","","","",""
"P3U4L","FAIRFORD LIBRARY","Y58","QR1","LONDON STREET","","","FAIRFORD","","GL7 4AQ","20210401","","","","904","","","","","","","1","","","","",""
"P9H2P","LEICESTER CITY COUNCIL - CHILDREN'S SERVICES","Y60","QK1","CITY HALL","115 CHARLES STREET","","LEICESTER","","LE1 1FZ","20260622","","","","509","","","","","","","1","","","","",""
"Q1E9N","MATSON LIBRARY","Y58","QR1","WINSLEY ROAD","MATSON","","GLOUCESTER","","GL4 6NG","20210401","","","","904","","","","","","","1","","","","",""
"R0Q3E","CIRENCESTER AREA OFFICE","Y58","QR1","LEWIS LANE","CIRENCESTER","","CHELTENHAM","","GL51 7SA","20210401","","","","904","","","","","","","1","","","","",""
"R1H2W","CUMBRIA COUNCIL DATA CENTRE","Y63","QHM","CUMBRIA HOUSE","117 BOTCHERGATE","","CARLISLE","","CA1 1RD","20230401","","","","H6X4G","","","","","","","1","","","","",""
"R6B7T","ARK DATA CENTRES - SPRING PARK","Y58","QOX","SPRING PARK","WESTWELLS ROAD","HAWTHORN","CORSHAM","","SN13 9GB","20201001","","","","702","","","","","","","1","","","","",""
"R6U6Y","NORTHUMBERLAND HEALTH TRAINERS","Y63","QHM","COUNTY HALL","","","MORPETH","","NE61 2EF","20211001","","","","104","","","","","","","1","","","","",""
"R8M3E","DURSLEY FIRE STATION","Y58","QR1","KINGSHILL LANE","","","DURSLEY","","GL11 4BZ","20210401","","","","904","","","","","","","1","","","","",""
"S1K3V","GREATER LONDON AUTHORITY, UNION STREET","Y56","QKK","169 UNION STREET","","","LONDON","","SE1 0LL","20211001","","","","203","","","","","","","1","","","","",""
"S3L4L","COLEFORD LIBRARY","Y58","QR1","THE MAIN PLACE","OLD STATION WAY","","COLEFORD","","GL16 8RH","20210401","","","","904","","","","","","","1","","","","",""
"S3S9J","CUMBRIA FIRE & RESCUE SERVICE HEADQUARTERS","Y63","QHM","PENRITH COMMUNITY FIRE STATION","CARLETON AVENUE","","PENRITH","","CA10 2FA","20230401","","","","H6X4G","","","","","","","1","","","","",""
"S5K7Z","WEIGHT MANAGEMENT","Y63","QHM","QUADRANT (EAST)","16 THE SILVERLINK NORTH","","NEWCASTLE UPON TYNE","","NE27 0BY","20210401","","","","108","","","","","","","1","","","","",""
"S7Y8Z","GIS HEALTH CARE PROSPECT WORKS","Y58","QR1","UNIT 23- 25","SEVERNSIDE TRADING ESTATE","","GLOUCESTER","","GL2 5HS","20210401","","","","904","","","","","","","1","","","","",""
"T5Z6U","WEST SUSSEX MHSTS","Y59","S9B9J","COUNTY HALL","WEST STREET","","CHICHESTER","","PO19 1RQ","20201001","","","","807","","","","","","","1","","","","",""
"T8K6A","BRIGHTON & HOVE CITY COUNCIL (HEAD OFFICE)","Y59","S9B9J","TOWN HALL","NORTON ROAD","","HOVE","","BN3 3BQ","20240521","","","","816","","","","","","","1","","","","",""
"T9P1P","HUCCLECOTE LIBRARY","Y58","QR1","HUCCLECOTE ROAD","","","GLOUCESTER","","GL3 3RT","20210401","","","","904","","","","","","","1","","","","",""
"T9T1J","LODGE PARK SPORTS CENTRE","Y60","QPM","SHETLAND WAY","","","CORBY","","NN17 2SG","20211001","","","","Z9D4Z","","","","","","","1","","","","",""
"U6F3O","PRESTBURY LIBRARY","Y58","QR1","THE BURGAGE","PRESTBURY","","CHELTENHAM","","GL52 3DN","20210401","","","","904","","","","","","","1","","","","",""
"U8P3T","MORETON IN THE MARSH","Y58","QR1","STOW ROAD","","","MORETON-IN-MARSH","","GL56 0DR","20210401","","","","904","","","","","","","1","","","","",""
"V1S3T","TEWKSBURY DAY CENTRE","Y58","QR1","STATION ROAD","","","TEWKESBURY","","GL20 5DR","20210401","","","","904","","","","","","","1","","","","",""
"V2H7D","CINDERFORD REGISTRARS","Y58","QR1","REGISTRAR OF BIRTHS DEATHS & MARRIA","BELLE VUE CENTRE","6 BELLE VUE ROAD","CINDERFORD","","GL14 2AB","20210401","","","","904","","","","","","","1","","","","",""
"V5D0W","ARK CONTINUITY","Y59","QRL","CODY TECHNOLOGY PARK","OLD IVELY ROAD","","FARNBOROUGH","","GU14 0LX","20211001","","","","724","","","","","","","1","","","","",""
"V5T2D","CIRENCESTER LIBRARY","Y58","QR1","THE WATERLOO","","","CIRENCESTER","","GL7 2PZ","20210401","","","","904","","","","","","","1","","","","",""
"W2C8D","HORSHAM DISTRICT WELLBEING","Y59","S9B9J","PARKSIDE","CHART WAY","","HORSHAM","","RH12 1XH","20210401","","","","231","","","","","","","1","","","","",""
"W2K0Z","TETBURY LIBRARY","Y58","QR1","CLOSE GARDENS","","","TETBURY","","GL8 8DU","20210401","","","","904","","","","","","","1","","","","",""
"W6T6C","ROYAL FOREST CENTRE","Y58","QR1","DOCKHAM ROAD","","","CINDERFORD","","GL14 2DB","20210401","","","","904","","","","","","","1","","","","",""
"X1J2V","WHADDON YOUTH AND COMMUNITY CENTRE","Y58","QR1","DART ROAD","","","CHELTENHAM","","GL52 5QW","20240816","","","","904","","","","","","","1","","","","",""
"X1P6Y","BISHOP CLEEVES LIBRARY","Y58","QR1","TOBYFIELD ROAD","BISHOPS CLEEVE","","CHELTENHAM","","GL52 8NN","20210401","","","","904","","","","","","","1","","","","",""
"X1V5S","GLOUCESTER LIBRARY","Y58","QR1","BRUNSWICK ROAD","","","GLOUCESTER","","GL1 1HT","20210401","","","","904","","","","","","","1","","","","",""
"X1Y9W","WIGAN COUNCIL WEIGHT MANAGEMENT (T2)","Y62","QOP","TOWN HALL","LIBRARY STREET","","WIGAN","","WN1 1YN","20210401","","","","313","","","","","","","1","","","","",""
"X3B1Y","RUTLAND COUNTY COUNCIL CHILDRENS SOCIAL CARE","Y60","QK1","CATMOSE HOUSE","CATMOS STREET","","OAKHAM","","LE15 6HP","20260619","","","","510","","","","","","","1","","","","",""
"X6B9O","QUEDGELEY LIBRARY","Y58","QR1","BRISTOL ROAD","QUEDGELEY","","GLOUCESTER","","GL2 4PE","20210401","","","","904","","","","","","","1","","","","",""
"Y0K2D","REDWOOD HOUSE","Y58","QR1","SOCIAL SERVICES DEPARTMENT","STROUD HEALTH CENTRE","BEECHES GREEN","STROUD","","GL5 4BH","20210401","","","","904","","","","","","","1","","","","",""
"Y1P2N","TREVONE HOUSE","Y58","QR1","22 DENMARK ROAD","","","GLOUCESTER","","GL1 3HZ","20210401","","","","904","","","","","","","1","","","","",""
"Y6N5S","CHIPPING CAMDEN LIBRARY","Y58","QR1","HIGH STREET","","","CHIPPING CAMPDEN","","GL55 6AT","20211001","","","","904","","","","","","","1","","","","",""
"Y8G6Z","PAINSWICK LIBRARY","Y58","QR1","VICTORIA STREET","PAINSWICK","","STROUD","","GL6 6QA","20210401","","","","904","","","","","","","1","","","","",""
"Y9R1Q","INFORMATION TECHNOLOGIES SERVICE - DATA CENTRE RECOVERY SITE","Y62","QYG","THE HEATH","THE BABBAGE CENTRE","THE HEATH BUSINESS & TECHNICAL PARK","RUNCORN","","WA7 4QX","20240927","","","","315","","","","","","","1","","","","",""
"Y9T9L","BARNWOOD CHILDREN'S HOME","Y58","QR1","6-8 BARNWOOD ROAD","","","GLOUCESTER","","GL2 0RX","20240816","","","","904","","","","","","","1","","","","",""
"Y9W2Z","LEICESTERSHIRE COUNTY COUNCIL CHILDREN'S SOCIAL CARE","Y60","QK1","COUNTY HALL","LEICESTER ROAD","","LEICESTER","","LE3 8RA","20260625","","","","508","","","","","","","1","","","","",""
"Z3Y3N","LONDON ROAD CHILDREN'S HOMES","Y58","QR1","48 LONDON ROAD","","","GLOUCESTER","","GL1 3NZ","20240816","","","","904","","","","","","","1","","","","",""
"Z6G5D","ARK DATA CENTRE - CODY PARK","Y59","QRL","A57 CODY PARK","OLD IVELY ROAD","","FARNBOROUGH","","GU14 0LH","20220401","","","","702","","","","","","","1","","","","",""
"Z7I7A","THE DOLPHIN CENTRE","Y63","QHM","HORSE MARKET","","","DARLINGTON","","DL1 5RP","20220401","","","","117","","","","","","","1","","","","",""
